FORMA	FORMAKEY	LEMMA	ETIMO	LANG	POS	FUNCT	MSD
coment	coment						
li	li						
roi	roi						
priant	priant						
jousta	jousta						
un	un						
parlament	parlament						
dedenz	dedenz						
la	la						
cité	cité						
quant	quant						
li	li						
roi	roi						
priant	priant						
vit	vit						
sa	sa						
cité	cité						
ensi	ensi						
atornee	atornee						
et	et						
fete	fete						
par	par						
si	si						
mervoilleuse	mervoilleuse						
maestrie	maestrie						
.	.						
il	il						
en	en						
fu	fu						
aleigre	aleigre						
sor	sor						
tos	tos						
autres	autres						
.	.						
adonc	adonc						
li	li						
senbla	senbla						
estre	estre						
eslevés	eslevés						
et	et						
creüs	creüs						
en	en						
autesse	autesse						
.	.						
si	si						
ne	ne						
poit	poit						
hoblié	hoblié						
la	la						
grant	grant						
honte	honte						
et	et						
le	le						
lait	lait						
damaje	damaje						
qe	qe						
les	les						
gresois	gresois						
li	li						
avoient	avoient						
fet	fet						
de	de						
son	son						
pere	pere						
et	et						
de	de						
sa	sa						
mere	mere						
.	.						
et	et						
de	de						
son	son						
lignaje	lignaje						
et	et						
de	de						
sa	sa						
cité	cité						
.	.						
si	si						
ajousta	ajousta						
adonc	adonc						
un	un						
grant	grant						
parlement	parlement						
.	.						
là_où	là_où						
il	il						
fist	fist						
venir	venir						
tot	tot						
le	le						
miels	miels						
de	de						
sa	sa						
gent	gent						
.	.						
tos	tos						
ses	ses						
fils	fils						
i	i						
furent	furent						
fors	fors						
hector	hector						
seulement	seulement						
.	.						
q’	q’						
il	il						
avoit	avoit						
tramis	tramis						
en	en						
le	le						
partie	partie						
de	de						
palone	palone						
por	por						
lor	lor						
grant	grant						
besoigne	besoigne						
achever	achever						
.	.						
et	et						
quant	quant						
les	les						
sajes	sajes						
homes	homes						
furent	furent						
au	au						
parlement	parlement						
asenblés	asenblés						
.	.						
li	li						
roi	roi						
consoilla	consoilla						
ho	ho						
els	els						
ensi_com	ensi_com						
il	il						
dut	dut						
.	.						
en	en						
tel	tel						
mainiere	mainiere						
com	com						
je	je						
vos	vos						
dirai	dirai						
.	.						
coment	coment						
li	li						
roi	roi						
parla	parla						
entre	entre						
ses	ses						
barons	barons						
.	.						
biau	biau						
seignors	seignors						
.	.						
fist	fist						
li	li						
roi	roi						
.	.						
entendés	entendés						
à	à						
moi	moi						
.	.						
qi	qi						
vos	vos						
.	.						
qi	qi						
fois	fois						
et	et						
loiauté	loiauté						
me	me						
portés	portés						
.	.						
vos	vos						
savés	savés						
bien	bien						
coment	coment						
les	les						
gresois	gresois						
vindrent	vindrent						
en	en						
cestui	cestui						
païs	païs						
et	et						
la	la						
grant	grant						
desconfiture	desconfiture						
q’	q’						
il	il						
firent	firent						
de	de						
nostre	nostre						
gent	gent						
et	et						
coment	coment						
il	il						
hocistrent	hocistrent						
mon	mon						
pere	pere						
et	et						
ma	ma						
mere	mere						
et	et						
mes	mes						
serors	serors						
.	.						
et	et						
puis	puis						
enmenerent	enmenerent						
ma	ma						
suor	suor						
esionan	esionan						
en	en						
servaje	servaje						
.	.						
si	si						
ne	ne						
l’	l’						
a	a						
talemon	talemon						
volue	volue						
prendre	prendre						
à	à						
feme	feme						
.	.						
aprés	aprés						
savés	savés						
coment	coment						
il	il						
destruissent	destruissent						
nostre	nostre						
cité	cité						
et	et						
degasterent	degasterent						
.	.						
por	por						
toutes	toutes						
ses	ses						
chouses	chouses						
vos	vos						
fais	fais						
à	à						
savoir	savoir						
qe	qe						
mon	mon						
cuer	cuer						
est	est						
en	en						
doulor	doulor						
et	et						
en	en						
tristesse	tristesse						
.	.						
et	et						
ensi	ensi						
demora	demora						
tot	tot						
les	les						
jors	jors						
de	de						
ma	ma						
vie	vie						
se	se						
vengiance	vengiance						
nen	nen						
est	est						
prise	prise						
.	.						
et	et						
por	por						
se	se						
.	.						
biaus	biaus						
seignors	seignors						
.	.						
je	je						
ai	ai						
pensés	pensés						
demander	demander						
qerre	qerre						
ma	ma						
suor	suor						
ensionan	ensionan						
en	en						
grese	grese						
.	.						
et	et						
.	.						
c’	c’						
il	il						
avient	avient						
q’	q’						
il	il						
la	la						
m’	m’						
en	en						
voillent	voillent						
rendre	rendre						
.	.						
de	de						
part	part						
diex	diex						
soit	soit						
.	.						
et	et						
se	se						
rendre	rendre						
ne	ne						
la	la						
me	me						
voudront	voudront						
.	.						
si	si						
penserons	penserons						
entre	entre						
vos	vos						
et	et						
mes	mes						
fils	fils						
et	et						
moi	moi						
et	et						
consoillerons	consoillerons						
dou	dou						
guerroier	guerroier						
ou	ou						
dou	dou						
laisier	laisier						
.	.						
.	.						
coment	coment						
tos	tos						
loerent	loerent						
le	le						
conseil	conseil						
qe	qe						
li	li						
roi	roi						
ot	ot						
doné	doné						
les	les						
fils	fils						
li	li						
roi	roi						
et	et						
les	les						
autres	autres						
barons	barons						
qi	qi						
au	au						
parlement	parlement						
estoient	estoient						
loerent	loerent						
mult	mult						
cestui	cestui						
consoil	consoil						
et	et						
distrent	distrent						
qe	qe						
ce	ce						
estoit	estoit						
bon	bon						
afer	afer						
sans	sans						
targier	targier						
.	.						
si	si						
eslist	eslist						
li	li						
roi	roi						
un	un						
sien	sien						
barons	barons						
qi	qi						
mult	mult						
estoit	estoit						
saje	saje						
et	et						
riche	riche						
et	et						
vaillant	vaillant						
.	.						
et	et						
mult	mult						
savoit	savoit						
de	de						
plait	plait						
et	et						
de	de						
loi	loi						
.	.						
qi	qi						
athenor	athenor						
estoit	estoit						
apellés	apellés						
.	.						
celui	celui						
apella	apella						
li	li						
roi	roi						
et	et						
dist	dist						
en	en						
tel	tel						
mainiere	mainiere						
.	.						
.	.						
biau	biau						
sire	sire						
athenor	athenor						
.	.						
aler	aler						
vos	vos						
convient	convient						
en	en						
grese	grese						
ma	ma						
suor	suor						
esionan	esionan						
reqerre	reqerre						
et	et						
demander	demander						
de_part	de_part						
moi	moi						
à	à						
celui	celui						
qu’	qu’						
il	il						
la	la						
tient	tient						
.	.						
por	por						
tel	tel						
convenant	convenant						
.	.						
qe	qe						
.	.						
c’	c’						
il	il						
me	me						
la	la						
rent	rent						
.	.						
qe	qe						
je	je						
li	li						
qit	qit						
tos	tos						
tors	tors						
et	et						
tos	tos						
les	les						
hontes	hontes						
et	et						
les	les						
damajes	damajes						
q’	q’						
il	il						
m’	m’						
ont	ont						
fet	fet						
de	de						
mon	mon						
pere	pere						
et	et						
de	de						
ma	ma						
mere	mere						
et	et						
de	de						
mes	mes						
suor	suor						
hocire	hocire						
.	.						
et	et						
de	de						
ma	ma						
gent	gent						
et	et						
de	de						
ma	ma						
terre	terre						
q’	q’						
il	il						
destruistrent	destruistrent						
.	.						
si	si						
lor	lor						
metés	metés						
jor	jor						
et	et						
terme	terme						
dou	dou						
rendre	rendre						
et	et						
puis	puis						
vos	vos						
en	en						
retornés	retornés						
.	.						
.	.						
coment	coment						
athenor	athenor						
ala	ala						
en	en						
grese	grese						
por	por						
le	le						
commandament	commandament						
le	le						
roi	roi						
et	et						
coment	coment						
il	il						
esploita	esploita						
athenor	athenor						
respondi	respondi						
au	au						
roi	roi						
qe	qe						
.	.						
puis	puis						
qu’	qu’						
il	il						
le	le						
comande	comande						
d’	d’						
aler	aler						
.	.						
il	il						
le	le						
fera	fera						
à	à						
son	son						
poïr	poïr						
.	.						
si	si						
cuide	cuide						
qe	qe						
por	por						
mesaje	mesaje						
ne	ne						
perdra	perdra						
il	il						
ja	ja						
noiant	noiant						
de	de						
sa	sa						
besoigne	besoigne						
.	.						
li	li						
roi	roi						
l’	l’						
en	en						
mertia	mertia						
mult	mult						
.	.						
puis	puis						
li	li						
a	a						
fet	fet						
aparoillier	aparoillier						
une	une						
mult	mult						
riche	riche						
nef	nef						
.	.						
cele	cele						
nuit	nuit						
se	se						
recoilli	recoilli						
athenor	athenor						
desus	desus						
et	et						
se	se						
mist	mist						
à	à						
la	la						
voie	voie						
.	.						
il	il						
ot	ot						
bon	bon						
vent	vent						
et	et						
droiturier	droiturier						
qi	qi						
tost	tost						
le	le						
porta	porta						
là_où	là_où						
il	il						
voloit	voloit						
aler	aler						
.	.						
car	car						
.	.						
avant	avant						
qe	qe						
la	la						
semaine	semaine						
fust	fust						
passee	passee						
.	.						
ariva	ariva						
il	il						
ho	ho						
sa	sa						
nef	nef						
à	à						
manasse	manasse						
.	.						
où	où						
il	il						
trova	trova						
pelleus	pelleus						
le	le						
recoilli	recoilli						
bien	bien						
et	et						
cortoisement	cortoisement						
et	et						
sa	sa						
gent	gent						
ausi	ausi						
.	.						
si	si						
les	les						
sejorna	sejorna						
trois	trois						
jors	jors						
bien	bien						
et	et						
aisieement	aisieement						
.	.						
et	et						
quant	quant						
il	il						
orent	orent						
ensi	ensi						
sejorné	sejorné						
.	.						
pelleus	pelleus						
.	.						
por_ce_q’	por_ce_q’						
il	il						
savoit	savoit						
q’	q’						
il	il						
avoit	avoit						
as	as						
troiens	troiens						
grant	grant						
guerre	guerre						
.	.						
si	si						
lor	lor						
demanda	demanda						
et	et						
enqist	enqist						
qi	qi						
·l	·l						
aloient	aloient						
por	por						
cele	cele						
contree	contree						
chersant	chersant						
.	.						
athenor	athenor						
li	li						
respondi	respondi						
et	et						
dist	dist						
q’	q’						
il	il						
estoit	estoit						
mesaje	mesaje						
au	au						
roi	roi						
priant	priant						
de	de						
troie	troie						
.	.						
.	.						
le_qel	le_qel						
vos	vos						
mande	mande						
par	par						
moi	moi						
qe	qe						
vos	vos						
hardist	hardist						
la	la						
cité	cité						
et	et						
li	li						
oceïst	oceïst						
son	son						
pere	pere						
et	et						
sa	sa						
mere	mere						
et	et						
ses	ses						
serors	serors						
entre	entre						
vos	vos						
et	et						
les	les						
autres	autres						
gresois	gresois						
.	.						
puis_aprés	puis_aprés						
si	si						
emmenastes	emmenastes						
une	une						
sien	sien						
suor	suor						
qe	qe						
esionan	esionan						
est	est						
apellee	apellee						
.	.						
la_qel	la_qel						
talemon	talemon						
tient	tient						
en	en						
servaje	servaje						
et	et						
en	en						
songnantaje	songnantaje						
.	.						
et	et						
por_ce	por_ce						
il	il						
vos	vos						
mande	mande						
por	por						
moi	moi						
qui	qui						
vos	vos						
li	li						
fasois	fasois						
sa	sa						
suor	suor						
rendre	rendre						
qitement	qitement						
et	et						
en	en						
pais	pais						
.	.						
et	et						
plus	plus						
ne	ne						
vos	vos						
demande	demande						
de	de						
tos	tos						
les	les						
tors	tors						
que	que						
fet	fet						
li	li						
avés	avés						
.	.						
de	de						
qoi	qoi						
il	il						
vos	vos						
avroit	avroit						
mult	mult						
à	à						
demander	demander						
.	.						
ains	ains						
vivra	vivra						
ho	ho						
vos	vos						
en	en						
bone	bone						
pes	pes						
.	.						
.	.						
quant	quant						
pelleus	pelleus						
hot	hot						
entendus	entendus						
se_qe	se_qe						
athenor	athenor						
li	li						
disoit	disoit						
.	.						
il	il						
respondi	respondi						
mult	mult						
iriement	iriement						
en	en						
tel	tel						
mainiere	mainiere						
.	.						
.	.						
vasal	vasal						
.	.						
fist	fist						
il	il						
.	.						
de	de						
ce_qe	ce_qe						
vos	vos						
me	me						
reqerrés	reqerrés						
de	de						
vostre	vostre						
seignor	seignor						
priant	priant						
.	.						
que	que						
vos	vos						
tenés	tenés						
à	à						
roi	roi						
.	.						
vos	vos						
respont	respont						
qe	qe						
je	je						
nen	nen						
ai	ai						
qe	qe						
fere	fere						
ne	ne						
ja	ja						
por	por						
moi	moi						
nen	nen						
avra	avra						
ce_q’	ce_q’						
il	il						
demanda	demanda						
.	.						
à	à						
vos	vos						
.	.						
qe	qe						
sa	sa						
est	est						
venus	venus						
.	.						
me	me						
tiengne	tiengne						
par_mult_poi_qe	par_mult_poi_qe						
je	je						
ne	ne						
vos	vos						
fais	fais						
destruire	destruire						
dou	dou						
cors	cors						
.	.						
alés	alés						
tost	tost						
devant	devant						
moi	moi						
.	.						
ne	ne						
plus	plus						
ne	ne						
i	i						
repairés	repairés						
.	.						
et	et						
se	se						
priant	priant						
vos	vos						
i	i						
mandra	mandra						
plus	plus						
jamés	jamés						
por	por						
autre	autre						
tel	tel						
mesaje	mesaje						
.	.						
nen	nen						
atendés	atendés						
retorner	retorner						
jamés	jamés						
à	à						
troie	troie						
.	.						
.	.						
coment	coment						
athenor	athenor						
ala	ala						
à	à						
salemine	salemine						
à	à						
talemon	talemon						
dire	dire						
son	son						
mesaje	mesaje						
athenor	athenor						
ne	ne						
demora	demora						
plus	plus						
entre	entre						
lui	lui						
et	et						
sa	sa						
conpaignie	conpaignie						
ains	ains						
se	se						
mistrent	mistrent						
de_denz	de_denz						
lor	lor						
nef	nef						
à	à						
mult	mult						
grant	grant						
haste	haste						
.	.						
si	si						
furent	furent						
mult	mult						
aleigre	aleigre						
quant	quant						
il	il						
furent	furent						
recoillis	recoillis						
.	.						
li	li						
vent	vent						
estoit	estoit						
adonc	adonc						
bon	bon						
et	et						
soëf	soëf						
.	.						
si	si						
se	se						
mistrent	mistrent						
à	à						
sigler	sigler						
à	à						
ploines	ploines						
voilles	voilles						
.	.						
en	en						
tel	tel						
mainiere	mainiere						
q’	q’						
il	il						
passerent	passerent						
toute	toute						
la	la						
riviere	riviere						
de	de						
boëces	boëces						
.	.						
qi	qi						
en	en						
grese	grese						
estoit	estoit						
.	.						
il	il						
ariverent	ariverent						
de_dens	de_dens						
les	les						
dui	dui						
jors	jors						
à	à						
salemine	salemine						
.	.						
là_où	là_où						
li	li						
roi	roi						
talemon	talemon						
demoroit	demoroit						
.	.						
et	et						
quant	quant						
il	il						
furent	furent						
au	au						
port	port						
arivés	arivés						
.	.						
il	il						
enquistrent	enquistrent						
où	où						
talemon	talemon						
estoit	estoit						
.	.						
cels	cels						
cui	cui						
il	il						
en	en						
demanderent	demanderent						
lor	lor						
distrent	distrent						
qe	qe						
là	là						
le	le						
trovera	trovera						
qi	qi						
à	à						
lui	lui						
voudra	voudra						
parler	parler						
.	.						
lor	lor						
s’	s’						
aparoilla	aparoilla						
athenor	athenor						
entre	entre						
lui	lui						
et	et						
sa	sa						
conpaignie	conpaignie						
mult	mult						
enveusieement	enveusieement						
.	.						
il	il						
monterent	monterent						
sor	sor						
riches	riches						
palefroins	palefroins						
.	.						
si	si						
s’	s’						
en	en						
alerent	alerent						
vers	vers						
la	la						
cité	cité						
.	.						
et	et						
quant	quant						
il	il						
furent	furent						
à	à						
la	la						
cité	cité						
venus	venus						
et	et						
entrés	entrés						
dedenz	dedenz						
.	.						
ill	ill						
alerent	alerent						
por	por						
les	les						
rues	rues						
amont	amont						
jusque	jusque						
au	au						
grant	grant						
palais	palais						
.	.						
là_où	là_où						
talemon	talemon						
estoit	estoit						
.	.						
puis	puis						
q’	q’						
il	il						
furent	furent						
au	au						
palais	palais						
venus	venus						
.	.						
si	si						
enqistrent	enqistrent						
là_où	là_où						
talemon	talemon						
estoit	estoit						
.	.						
qi	qi						
adonc	adonc						
estoit	estoit						
de_sous	de_sous						
un	un						
arbre	arbre						
de	de						
ciprés	ciprés						
de_denz	de_denz						
un	un						
biau	biau						
versier	versier						
qi	qi						
mult	mult						
getoit	getoit						
grant	grant						
odor	odor						
.	.						
il	il						
estoit	estoit						
asis	asis						
sor	sor						
un	un						
riche	riche						
tapit	tapit						
d’	d’						
espaigne	espaigne						
soutilment	soutilment						
hovrés	hovrés						
.	.						
il	il						
estoit	estoit						
vestus	vestus						
et	et						
ahornés	ahornés						
à	à						
guise	guise						
de	de						
roi	roi						
.	.						
devant	devant						
lui	lui						
avoit	avoit						
il	il						
adonc	adonc						
c	c						
chevaliers	chevaliers						
de	de						
plus	plus						
prosiés	prosiés						
de	de						
sa	sa						
maisnee	maisnee						
.	.						
et	et						
quant	quant						
anthenor	anthenor						
fu	fu						
devant	devant						
lui	lui						
venus	venus						
.	.						
il	il						
le	le						
salua	salua						
mult	mult						
sajement	sajement						
.	.						
li	li						
roi	roi						
talemon	talemon						
li	li						
rendi	rendi						
son	son						
salu	salu						
mult	mult						
cortoisement	cortoisement						
.	.						
ai	ai						
le	le						
fist	fist						
aseoir	aseoir						
devant	devant						
lui	lui						
.	.						
et	et						
quant	quant						
anthenor	anthenor						
fu	fu						
ensi	ensi						
asis	asis						
.	.						
il	il						
parla	parla						
en	en						
tel	tel						
mainiere	mainiere						
.	.						
.	.						
biau	biau						
sire	sire						
talemon	talemon						
.	.						
li	li						
roi	roi						
priant	priant						
de	de						
troie	troie						
.	.						
à	à						
cui	cui						
je	je						
sui	sui						
.	.						
vos	vos						
manda	manda						
par	par						
moi	moi						
qe	qe						
li	li						
rendois	rendois						
sa	sa						
suor	suor						
esionan	esionan						
.	.						
laquels	laquels						
vos	vos						
avés	avés						
tenue	tenue						
lonc	lonc						
tens	tens						
en	en						
soignantaje	soignantaje						
.	.						
car	car						
encore	encore						
la	la						
voudra	voudra						
marier	marier						
autement	autement						
.	.						
si	si						
vos	vos						
mande	mande						
par	par						
moi	moi						
q’	q’						
il	il						
ne	ne						
se	se						
conviens	conviens						
pas	pas						
à	à						
fille	fille						
de	de						
roi	roi						
estre	estre						
en	en						
songnantaje	songnantaje						
tenue	tenue						
.	.						
por	por						
quoi	quoi						
je	je						
vos	vos						
di	di						
qe	qe						
.	.						
se	se						
vos	vos						
la	la						
li	li						
rendés	rendés						
.	.						
vos	vos						
ferés	ferés						
qe	qe						
saje	saje						
et	et						
cortois	cortois						
.	.						
puis_q’	puis_q’						
il	il						
la	la						
vos	vos						
demande	demande						
si	si						
cortoisement	cortoisement						
.	.						
.	.						
coment	coment						
talemon	talemon						
respondi	respondi						
athenor	athenor						
hontosement	hontosement						
talemon	talemon						
a	a						
mult	mult						
bien	bien						
entendus	entendus						
tot_ce_qe	tot_ce_qe						
athenor	athenor						
li	li						
a	a						
dit	dit						
.	.						
si	si						
en	en						
fu	fu						
durement	durement						
iriés	iriés						
.	.						
il	il						
comensa	comensa						
à	à						
sorire	sorire						
de	de						
grant	grant						
fellonie	fellonie						
q’	q’						
il	il						
avoit	avoit						
.	.						
puis	puis						
respondi	respondi						
en	en						
tel	tel						
mainere	mainere						
.	.						
.	.						
vasal	vasal						
.	.						
fist	fist						
il	il						
.	.						
je	je						
ne	ne						
sai	sai						
qi	qi						
est	est						
ton	ton						
roi	roi						
.	.						
ne	ne						
jamés	jamés						
ne	ne						
le	le						
vi	vi						
.	.						
si_com	si_com						
je	je						
cuit	cuit						
.	.						
ni	ni						
à	à						
lui	lui						
ne	ne						
cuit	cuit						
riens	riens						
avoir	avoir						
à	à						
fere	fere						
.	.						
mes	mes						
il	il						
est	est						
bien	bien						
voir	voir						
qe	qe						
je	je						
.	.						
co	co						
les	les						
autres	autres						
princes	princes						
de	de						
grese	grese						
.	.						
fumes	fumes						
à	à						
troie	troie						
por	por						
la	la						
honte	honte						
vengier	vengier						
qe	qe						
laomedon	laomedon						
avoit	avoit						
fet	fet						
à	à						
hercules	hercules						
à	à						
son	son						
port	port						
.	.						
si	si						
vos	vos						
di	di						
qe	qe						
nos	nos						
vengiames	vengiames						
cele	cele						
onte	onte						
.	.						
car	car						
nos	nos						
preïmes	preïmes						
la_qel	la_qel						
hercules	hercules						
me	me						
dona	dona						
por	por						
loier	loier						
de	de						
ma	ma						
victoire	victoire						
.	.						
car	car						
je	je						
fui	fui						
celui	celui						
qe	qe						
premierement	premierement						
entrai	entrai						
de_denz	de_denz						
la	la						
cité	cité						
.	.						
la	la						
pulcelle	pulcelle						
ai	ai						
je	je						
encore	encore						
et	et						
la	la						
tieng	tieng						
et	et						
la	la						
terrai	terrai						
.	.						
et	et						
l’	l’						
aim	aim						
et	et						
l’	l’						
amerai	amerai						
tot	tot						
le	le						
jor	jor						
de	de						
ma	ma						
vie	vie						
.	.						
se	se						
cuit	cuit						
.	.						
sans	sans						
doner	doner						
-le	-le						
à	à						
nullui	nullui						
.	.						
por_ce_qe	por_ce_qe						
à	à						
honte	honte						
me	me						
seroit	seroit						
atornee	atornee						
se	se						
je	je						
ensi	ensi						
rendoie	rendoie						
le	le						
loier	loier						
de	de						
ma	ma						
victoire	victoire						
recreanment	recreanment						
.	.						
à	à						
vos	vos						
di	di						
je	je						
en	en						
tel	tel						
mainiere	mainiere						
qe	qe						
.	.						
se	se						
vos	vos						
ne	ne						
fustes	fustes						
mesajer	mesajer						
.	.						
je	je						
feroie	feroie						
jostice	jostice						
de	de						
vostre	vostre						
cors	cors						
.	.						
hosté	hosté						
vos	vos						
devant	devant						
moi	moi						
tot_maintenant	tot_maintenant						
.	.						
et	et						
bien	bien						
gardés	gardés						
qe	qe						
vos	vos						
ne	ne						
soiés	soiés						
trovés	trovés						
de_denz	de_denz						
ma	ma						
terre	terre						
de	de						
si	si						
à	à						
troiz	troiz						
jors	jors						
car	car						
.	.						
se	se						
trovés	trovés						
i	i						
fusiés	fusiés						
.	.						
je	je						
ve	ve						
feroie	feroie						
honir	honir						
de	de						
vostre	vostre						
cors	cors						
.	.						
ensement	ensement						
feroie	feroie						
à	à						
tos	tos						
cels	cels						
q’	q’						
il	il						
nos	nos						
envoiast	envoiast						
.	.						
.	.						
coment	coment						
athenor	athenor						
s’	s’						
en	en						
ala	ala						
en	en						
achaie	achaie						
à	à						
castor	castor						
et	et						
appollus	appollus						
son	son						
mesaje	mesaje						
conter	conter						
vergogne	vergogne						
hot	hot						
athenor	athenor						
et	et						
paor	paor						
mult	mult						
grant	grant						
quant	quant						
il	il						
oï	oï						
la	la						
response	response						
talemon	talemon						
.	.						
si	si						
se	se						
mis	mis						
au	au						
repaire	repaire						
vers	vers						
sa	sa						
nef	nef						
tot_maintenant	tot_maintenant						
et	et						
se	se						
mistrent	mistrent						
de_denz	de_denz						
.	.						
adonc	adonc						
estoit	estoit						
la	la						
mer	mer						
dous	dous						
et	et						
soëf	soëf						
et	et						
le	le						
vent	vent						
bon	bon						
et	et						
verais	verais						
.	.						
qi	qi						
tost	tost						
le	le						
mist	mist						
en	en						
aute	aute						
mer	mer						
.	.						
il	il						
nagerent	nagerent						
et	et						
siglerent	siglerent						
tant_q’	tant_q’						
il	il						
vindrent	vindrent						
en	en						
achaie	achaie						
.	.						
là_où	là_où						
il	il						
trova	trova						
castor	castor						
et	et						
apollus	apollus						
.	.						
à	à						
cui	cui						
athenor	athenor						
conta	conta						
tot	tot						
son	son						
mesaje	mesaje						
sanz	sanz						
riens	riens						
fauser	fauser						
.	.						
castor	castor						
et	et						
pollus	pollus						
li	li						
respondirent	respondirent						
en	en						
tel	tel						
maniere	maniere						
q’	q’						
il	il						
nen	nen						
avoient	avoient						
à	à						
priant	priant						
nulle	nulle						
riens	riens						
à	à						
faire	faire						
ni	ni						
ne	ne						
le	le						
connosoient	connosoient						
.	.						
bien	bien						
savoient	savoient						
il	il						
q’	q’						
il	il						
avoient	avoient						
guerre	guerre						
ho	ho						
les	les						
troiens	troiens						
.	.						
ni	ni						
à	à						
lor	lor						
gent	gent						
nen	nen						
avoient	avoient						
nulle	nulle						
comunité	comunité						
ne	ne						
nulle	nulle						
costumance	costumance						
.	.						
voirement	voirement						
.	.						
por	por						
le	le						
honte	honte						
qe	qe						
laomedon	laomedon						
avoit	avoit						
fet	fet						
à	à						
hercules	hercules						
à	à						
son	son						
port	port						
.	.						
fu	fu						
grese	grese						
esmeü	esmeü						
dou	dou						
vengier	vengier						
por	por						
qoi	qoi						
troie	troie						
fu	fu						
mise	mise						
à	à						
feu	feu						
et	et						
à	à						
destrution	destrution						
.	.						
.	.						
se	se						
talemon	talemon						
tient	tient						
la	la						
fille	fille						
laomedon	laomedon						
.	.						
de	de						
part	part						
diex	diex						
soit	soit						
.	.						
que	que						
nos	nos						
nen	nen						
avos	avos						
qe	qe						
fere	fere						
.	.						
alés	alés						
vos	vos						
en	en						
.	.						
ni	ni						
jamés	jamés						
por	por						
ceste	ceste						
acheison	acheison						
ne	ne						
i	i						
retornés	retornés						
.	.						
si	si						
chier	chier						
com	com						
vos	vos						
avés	avés						
vostre	vostre						
vie	vie						
.	.						
car	car						
.	.						
se	se						
vos	vos						
ou	ou						
autres	autres						
i	i						
retornerés	retornerés						
.	.						
cherement	cherement						
l’	l’						
achaterés	achaterés						
de	de						
vostre	vostre						
cors	cors						
.	.						
si	si						
dites	dites						
à	à						
celui	celui						
qi	qi						
ca	ca						
vos	vos						
envoia	envoia						
.	.						
q’	q’						
il	il						
amoit	amoit						
poi	poi						
vostre	vostre						
vie	vie						
.	.						
.	.						
atant	atant						
se	se						
parti	parti						
athenor	athenor						
ho	ho						
sa	sa						
nef	nef						
.	.						
la	la						
forte	forte						
bise	bise						
ventoit	ventoit						
adonc	adonc						
mult	mult						
fort	fort						
.	.						
qi	qi						
les	les						
chaca	chaca						
par_mi	par_mi						
la	la						
mer	mer						
tant_q’	tant_q’						
il	il						
ariverent	ariverent						
à	à						
pirre	pirre						
.	.						
là_où	là_où						
il	il						
troverent	troverent						
li	li						
roi	roi						
nestor	nestor						
qe	qe						
mult	mult						
estoit	estoit						
fel	fel						
et	et						
engrés	engrés						
.	.						
et	et						
mains	mains						
homes	homes						
avoit	avoit						
il	il						
ja	ja						
à	à						
ses	ses						
mains	mains						
hocis	hocis						
sans	sans						
ce_qu’	ce_qu’						
il	il						
li	li						
eüsent	eüsent						
rienz	rienz						
forfet	forfet						
.	.						
quant	quant						
athenor	athenor						
fu	fu						
en_luec	en_luec						
venus	venus						
.	.						
il	il						
descendi	descendi						
de	de						
sa	sa						
nef	nef						
.	.						
si	si						
ala	ala						
devan	devan						
lui	lui						
.	.						
il	il						
li	li						
dist	dist						
tot	tot						
son	son						
mesaje	mesaje						
sans	sans						
riens	riens						
fauser	fauser						
.	.						
ja	ja						
por	por						
paor	paor						
ne	ne						
laisa	laisa						
.	.						
coment	coment						
li	li						
roi	roi						
nestor	nestor						
respondi	respondi						
à	à						
athenor	athenor						
quant	quant						
nestor	nestor						
hoï	hoï						
le	le						
mesaje	mesaje						
.	.						
il	il						
fu	fu						
corrociéz	corrociéz						
durement	durement						
.	.						
si	si						
comensa	comensa						
à	à						
mirer	mirer						
athenor	athenor						
de	de						
travers	travers						
mult	mult						
enflés	enflés						
et	et						
fel	fel						
et	et						
iriéz	iriéz						
de	de						
grant	grant						
mainiere	mainiere						
.	.						
.	.						
bastart	bastart						
.	.						
fist	fist						
il	il						
.	.						
fis	fis						
à	à						
putain	putain						
renoiés	renoiés						
.	.						
je	je						
me	me						
tieng	tieng						
par_poi_qe	par_poi_qe						
je	je						
ne	ne						
vos	vos						
fais	fais						
les	les						
els	els						
crever	crever						
quant	quant						
vos	vos						
devant	devant						
moi	moi						
hosastes	hosastes						
tel	tel						
parlement	parlement						
tenir	tenir						
.	.						
qel	qel						
chouse	chouse						
ai	ai						
je	je						
à	à						
faire	faire						
à	à						
vostre	vostre						
roi	roi						
.	.						
je	je						
nen	nen						
ai	ai						
à	à						
li	li						
amor	amor						
ni	ni						
pes	pes						
ne	ne						
ne	ne						
la	la						
vuoil	vuoil						
.	.						
car	car						
en	en						
sa	sa						
pes	pes						
ne	ne						
m’	m’						
oseroie	oseroie						
je	je						
fier	fier						
.	.						
si	si						
aime	aime						
je	je						
asés	asés						
miels	miels						
la	la						
guerre	guerre						
de	de						
lui	lui						
qe	qe						
la	la						
pes	pes						
.	.						
por_ce_qe	por_ce_qe						
fui	fui						
à	à						
hocire	hocire						
son	son						
pere	pere						
et	et						
sa	sa						
mere	mere						
et	et						
ses	ses						
sereors	sereors						
ausi	ausi						
.	.						
et	et						
sa	sa						
cité	cité						
ardoir	ardoir						
et	et						
degaster	degaster						
por	por						
la	la						
honte	honte						
et	et						
por	por						
le	le						
lait	lait						
qe	qe						
son	son						
pere	pere						
fist	fist						
à	à						
nos	nos						
genz	genz						
à	à						
son	son						
port	port						
.	.						
alés	alés						
tost	tost						
à	à						
vostre	vostre						
roi	roi						
.	.						
si	si						
li	li						
dites	dites						
de_part	de_part						
moi	moi						
qe	qe						
tot_ce_q’	tot_ce_q’						
il	il						
a	a						
sa	sa						
cité	cité						
hovrés	hovrés						
tost	tost						
poira	poira						
estre	estre						
degastés	degastés						
et	et						
maumis	maumis						
s’	s’						
il	il						
ne	ne						
s’	s’						
en	en						
prent	prent						
garde	garde						
.	.						
hor	hor						
li	li						
dites	dites						
q’	q’						
il	il						
ne	ne						
m’	m’						
envoie	envoie						
jamés	jamés						
tel	tel						
messaje	messaje						
car	car						
je	je						
vos	vos						
di	di						
qe	qe						
li	li						
mesaje	mesaje						
i	i						
metra	metra						
mau	mau						
le	le						
pié	pié						
.	.						
vos	vos						
meïsmes	meïsmes						
eschapés	eschapés						
par_mult_poi_que	par_mult_poi_que						
je	je						
ne	ne						
vos	vos						
fais	fais						
d’	d’						
onteuse	onteuse						
mort	mort						
morir	morir						
.	.						
alés	alés						
vos	vos						
en	en						
tantost	tantost						
et	et						
bien	bien						
vos	vos						
gardés	gardés						
qe	qe						
jamés	jamés						
ne	ne						
soiés	soiés						
en	en						
ma	ma						
terre	terre						
trovés	trovés						
.	.						
.	.						
coment	coment						
athenor	athenor						
ariva	ariva						
à	à						
troie	troie						
athenor	athenor						
fu	fu						
mult	mult						
espaontés	espaontés						
de	de						
ce_qe	ce_qe						
nestor	nestor						
li	li						
ot	ot						
dit	dit						
.	.						
si	si						
se	se						
parti	parti						
de	de						
lui	lui						
au	au						
plus	plus						
astivement	astivement						
q’	q’						
il	il						
puet	puet						
et	et						
se	se						
recoilli	recoilli						
de_dens	de_dens						
sa	sa						
nef	nef						
entre	entre						
lui	lui						
et	et						
sa	sa						
conpaignie	conpaignie						
.	.						
si	si						
se	se						
mistrent	mistrent						
en	en						
mer	mer						
.	.						
et	et						
quant	quant						
il	il						
furent	furent						
de_des	de_des						
la	la						
mer	mer						
.	.						
il	il						
lor	lor						
douna	douna						
une	une						
tenpeste	tenpeste						
mult	mult						
horible	horible						
et	et						
pesmé	pesmé						
q’	q’						
il	il						
lor	lor						
dura	dura						
troi	troi						
jors	jors						
.	.						
dont	dont						
il	il						
cuiderent	cuiderent						
tos	tos						
noier	noier						
car	car						
la	la						
mer	mer						
estoit	estoit						
mult	mult						
enflee	enflee						
et	et						
le	le						
vent	vent						
estoit	estoit						
très	très						
fort	fort						
et	et						
l’	l’						
air	air						
hoscure	hoscure						
et	et						
noire	noire						
por	por						
qoi	qoi						
il	il						
ne	ne						
savoient	savoient						
dont	dont						
il	il						
devoient	devoient						
aler	aler						
.	.						
ses	ses						
conpaignons	conpaignons						
et	et						
les	les						
mariniers	mariniers						
gisoient	gisoient						
adens	adens						
sor	sor						
la	la						
nef	nef						
si	si						
come	come						
genz	genz						
qi	qi						
cuidoient	cuidoient						
tot_maintenant	tot_maintenant						
morir	morir						
.	.						
athenor	athenor						
ploroit	ploroit						
et	et						
plaignoit	plaignoit						
et	et						
plioie	plioie						
tos	tos						
les	les						
diex	diex						
q’	q’						
il	il						
le	le						
deüssent	deüssent						
secore	secore						
et	et						
aidier	aidier						
.	.						
q’	q’						
il	il						
ne	ne						
noiast	noiast						
en	en						
tel	tel						
mainiere	mainiere						
.	.						
et	et						
quant	quant						
il	il						
vint	vint						
au	au						
chief	chief						
de	de						
trois	trois						
jors	jors						
.	.						
la	la						
tenpeste	tenpeste						
posa	posa						
.	.						
si	si						
nagerent	nagerent						
tant_qi	tant_qi						
.	.						
avant_qe	avant_qe						
la	la						
semaine	semaine						
pasast	pasast						
.	.						
ariverent	ariverent						
il	il						
en	en						
lor	lor						
païs	païs						
.	.						
adonc	adonc						
li	li						
vint	vint						
à	à						
l’	l’						
encontre	encontre						
li	li						
roi	roi						
laomedon	laomedon						
ho	ho						
grant	grant						
conpaignie	conpaignie						
de	de						
barons	barons						
et	et						
de	de						
chevaliers	chevaliers						
de	de						
troie	troie						
.	.						
si	si						
le	le						
recoillirent	recoillirent						
à	à						
mult	mult						
grant	grant						
joie	joie						
et	et						
à	à						
grant	grant						
laësse	laësse						
.	.						
puis	puis						
l’	l’						
enmenerent	enmenerent						
de_denz	de_denz						
la	la						
cité	cité						
.	.						
athenor	athenor						
ala	ala						
par	par						
les	les						
tenples	tenples						
de	de						
la	la						
cité	cité						
loer	loer						
et	et						
mercier	mercier						
les	les						
diex	diex						
de	de						
ce_q’	ce_q’						
il	il						
les	les						
avoient	avoient						
à	à						
sauveté	sauveté						
conduit	conduit						
.	.						
aprés	aprés						
fist	fist						
athenor	athenor						
mult	mult						
grant	grant						
sacrifices	sacrifices						
as	as						
diex	diex						
por_ce_qe	por_ce_qe						
eschapé	eschapé						
l’	l’						
avoient	avoient						
de	de						
la	la						
grant	grant						
tenpeste	tenpeste						
.	.						
dont	dont						
il	il						
cuida	cuida						
veraiement	veraiement						
noier	noier						
.	.						
puis_aprés	puis_aprés						
s’	s’						
en	en						
ala	ala						
au	au						
palais	palais						
le	le						
roi	roi						
.	.						
là_où	là_où						
li	li						
roi	roi						
fist	fist						
faire	faire						
mult	mult						
grant	grant						
asenblee	asenblee						
de	de						
chevaliers	chevaliers						
et	et						
de	de						
barons	barons						
.	.						
si	si						
i	i						
furent	furent						
tos	tos						
ses	ses						
filz	filz						
por	por						
hoïr	hoïr						
le	le						
mesaje	mesaje						
qe	qe						
athenor	athenor						
avoit	avoit						
de	de						
grese	grese						
aportés	aportés						
et	et						
le	le						
respose	respose						
ausi	ausi						
.	.						
le_qels	le_qels						
athenor	athenor						
retraïst	retraïst						
et	et						
dist	dist						
en	en						
tel	tel						
mainiere	mainiere						
.	.						
coment	coment						
athenor	athenor						
conte	conte						
son	son						
mesaje	mesaje						
à	à						
priant	priant						
.	.						
.	.						
roi	roi						
priant	priant						
.	.						
vos	vos						
me	me						
mandastes	mandastes						
en	en						
grese	grese						
.	.						
à	à						
les	les						
rois	rois						
et	et						
à	à						
les	les						
princes	princes						
et	et						
à	à						
les	les						
aus	aus						
barons	barons						
.	.						
por	por						
vostre	vostre						
suor	suor						
esionan	esionan						
reqerre	reqerre						
.	.						
qe	qe						
talemon	talemon						
tient	tient						
en	en						
songnantage	songnantage						
.	.						
de	de						
quoi	quoi						
la	la						
paroule	paroule						
est	est						
bien	bien						
seüe	seüe						
.	.						
je	je						
alai	alai						
por	por						
vostre	vostre						
commandament	commandament						
aconplir	aconplir						
.	.						
mes	mes						
je	je						
vos	vos						
di	di						
veraiement	veraiement						
qe	qe						
je	je						
ai	ai						
esté	esté						
maintes	maintes						
fois	fois						
qe	qe						
je	je						
ai	ai						
cuidiés	cuidiés						
morir	morir						
en	en						
cestui	cestui						
voiaje	voiaje						
.	.						
ensi_com	ensi_com						
vos	vos						
hoïrés	hoïrés						
.	.						
je	je						
alai	alai						
premierement	premierement						
à	à						
pelleus	pelleus						
et	et						
li	li						
contai	contai						
tot	tot						
mon	mon						
mesaje	mesaje						
mot	mot						
à	à						
mot	mot						
.	.						
si	si						
vos	vos						
di	di						
qe	qe						
.	.						
quant	quant						
il	il						
m’	m’						
ot	ot						
entens	entens						
.	.						
il	il						
me	me						
conjea	conjea						
mult	mult						
honteusement	honteusement						
.	.						
si	si						
me	me						
dist	dist						
q’	q’						
il	il						
nen	nen						
amoit	amoit						
ni	ni						
ne	ne						
voloit	voloit						
pes	pes						
avoir	avoir						
à	à						
vos	vos						
ne	ne						
bone	bone						
volonté	volonté						
.	.						
si	si						
vos	vos						
di	di						
qe	qe						
je	je						
ne	ne						
trovai	trovai						
en	en						
li	li						
nulle	nulle						
riens	riens						
de	de						
ce_qe	ce_qe						
je	je						
qerroie	qerroie						
.	.						
à	à						
moi	moi						
dist	dist						
il	il						
qe	qe						
.	.						
se	se						
je	je						
ne	ne						
me	me						
partoie	partoie						
tost	tost						
devant	devant						
lui	lui						
.	.						
q’	q’						
il	il						
me	me						
feroit	feroit						
destruire	destruire						
dou	dou						
cors	cors						
.	.						
aprés	aprés						
alai	alai						
à	à						
salemine	salemine						
là_où	là_où						
talemon	talemon						
estoit	estoit						
.	.						
et	et						
quant	quant						
je	je						
fui	fui						
devant	devant						
lui	lui						
venus	venus						
.	.						
je	je						
le	le						
trovai	trovai						
mult	mult						
hautement	hautement						
ester	ester						
.	.						
si	si						
li	li						
dist	dist						
mon	mon						
mesaje	mesaje						
ensi_com	ensi_com						
vos	vos						
me	me						
deïstes	deïstes						
.	.						
mes	mes						
il	il						
me	me						
respondi	respondi						
en	en						
tel	tel						
mainiere	mainiere						
q’	q’						
il	il						
ne	ne						
feroit	feroit						
rienz	rienz						
por	por						
vos	vos						
.	.						
si	si						
me	me						
conjea	conjea						
mult	mult						
honteusement	honteusement						
.	.						
castor	castor						
et	et						
apolus	apolus						
me	me						
distrent	distrent						
tot	tot						
autretel	autretel						
.	.						
car	car						
il	il						
distrent	distrent						
q’	q’						
il	il						
ne	ne						
feroient	feroient						
riens	riens						
par	par						
vos	vos						
plus	plus						
qe	qe						
par	par						
un	un						
chiens	chiens						
.	.						
il	il						
vos	vos						
laindengia	laindengia						
mult	mult						
devant	devant						
moi	moi						
.	.						
et	et						
puis	puis						
q’	q’						
il	il						
m’	m’						
ot	ot						
en	en						
tel	tel						
mainiere	mainiere						
conjee	conjee						
.	.						
je	je						
me	me						
mis	mis						
en	en						
mer	mer						
et	et						
tant	tant						
alai	alai						
qe	qe						
je	je						
trovai	trovai						
nestor	nestor						
.	.						
à	à						
celui	celui						
contai	contai						
je	je						
mult	mult						
ardiement	ardiement						
mon	mon						
mesaje	mesaje						
sanz	sanz						
rien	rien						
celer	celer						
.	.						
me	me						
je	je						
vos	vos						
di	di						
qe	qe						
por_poi_q’	por_poi_q’						
il	il						
ne	ne						
me	me						
fist	fist						
les	les						
els	els						
voler	voler						
de	de						
la	la						
teste	teste						
et	et						
pis	pis						
fer	fer						
encor	encor						
.	.						
à	à						
vos	vos						
menasa	menasa						
il	il						
de	de						
gaster	gaster						
et	et						
d’	d’						
esillier	esillier						
vostre	vostre						
cité	cité						
.	.						
mes	mes						
je	je						
vos	vos						
di	di						
qe	qe						
je	je						
nen	nen						
oï	oï						
onqes	onqes						
parler	parler						
plus	plus						
hergueileus	hergueileus						
hom	hom						
de	de						
lui	lui						
.	.						
qe	qe						
vos	vos						
iroie	iroie						
je	je						
contant	contant						
.	.						
sachés	sachés						
qe	qe						
tos	tos						
le	le						
princes	princes						
de	de						
grese	grese						
ne	ne						
vos	vos						
prisent	prisent						
une	une						
qoqille	qoqille						
.	.						
por	por						
quoi	quoi						
je	je						
vos	vos						
di	di						
q’	q’						
il	il						
vos	vos						
en	en						
convient	convient						
bien	bien						
garder	garder						
ne	ne						
ne	ne						
vos	vos						
i	i						
fiés	fiés						
pas	pas						
.	.						
hor	hor						
poés	poés						
prendre	prendre						
consoill	consoill						
de	de						
vostre	vostre						
afer	afer						
car	car						
bien	bien						
vos	vos						
besoigne	besoigne						
.	.						
por_ce_qe	por_ce_qe						
au	au						
comencer	comencer						
de	de						
chouses	chouses						
doit	doit						
l’	l’						
on	on						
garder	garder						
la	la						
fin	fin						
en	en						
tel	tel						
guise	guise						
qi	qi						
bien	bien						
soit	soit						
et	et						
qe	qe						
honte	honte						
ne	ne						
li	li						
aviengne	aviengne						
.	.						
.	.						
coment	coment						
li	li						
roi	roi						
priant	priant						
parla	parla						
entre	entre						
ses	ses						
genz	genz						
quant	quant						
li	li						
roi	roi						
priant	priant						
ot	ot						
entendus	entendus						
se_qe	se_qe						
athenor	athenor						
li	li						
ot	ot						
dit	dit						
et	et						
coment	coment						
il	il						
avoit	avoit						
desonerés	desonerés						
et	et						
laidis	laidis						
.	.						
doulent	doulent						
en	en						
fu	fu						
outre	outre						
mesure	mesure						
et	et						
corociés	corociés						
.	.						
il	il						
parla	parla						
adonc	adonc						
à	à						
ses	ses						
homes	homes						
et	et						
à	à						
ses	ses						
fils	fils						
.	.						
si	si						
dist	dist						
lor	lor						
en	en						
tel	tel						
mainiere	mainiere						
.	.						
.	.						
biauz	biauz						
seignors	seignors						
.	.						
fist	fist						
il	il						
.	.						
vos	vos						
avés	avés						
bien	bien						
hoï	hoï						
et	et						
entendus	entendus						
la	la						
grant	grant						
honte	honte						
et	et						
le	le						
lait	lait						
qe	qe						
les	les						
gresois	gresois						
hont	hont						
fet	fet						
à	à						
nostre	nostre						
mesaje	mesaje						
et	et						
coment	coment						
il	il						
nos	nos						
hont	hont						
deshonorés	deshonorés						
.	.						
et	et						
coment	coment						
il	il						
refusent	refusent						
nostre	nostre						
pes	pes						
et	et						
nostre	nostre						
acordance	acordance						
.	.						
et	et						
coment	coment						
il	il						
nos	nos						
ne	ne						
tienent	tienent						
por	por						
noiant	noiant						
.	.						
por	por						
qoi	qoi						
je	je						
vos	vos						
di	di						
qe	qe						
honis	honis						
soumes	soumes						
se	se						
nos	nos						
ne	ne						
prenons	prenons						
autre	autre						
coroi	coroi						
.	.						
et	et						
por_ce	por_ce						
vos	vos						
est	est						
si	si						
.	.						
et	et						
je	je						
vos	vos						
pri	pri						
.	.						
tant_com	tant_com						
je	je						
plus	plus						
puis	puis						
.	.						
qe	qe						
vos	vos						
consoillés	consoillés						
moi	moi						
et	et						
vos	vos						
sor	sor						
ceste	ceste						
matire	matire						
.	.						
en	en						
tel	tel						
mainere	mainere						
qe	qe						
nostre	nostre						
honor	honor						
soit	soit						
sauvee	sauvee						
et	et						
vengiance	vengiance						
prise	prise						
de	de						
la	la						
honte	honte						
q’	q’						
il	il						
nos	nos						
ont	ont						
fet	fet						
.	.						
voirement	voirement						
.	.						
c’	c’						
il	il						
vos	vos						
plesoit	plesoit						
.	.						
je	je						
loeroie	loeroie						
endroit	endroit						
moi	moi						
qe	qe						
nos	nos						
eslisons	eslisons						
de	de						
nos	nos						
meillor	meillor						
chevaliers	chevaliers						
une	une						
qantité	qantité						
qi	qi						
soient	soient						
bien	bien						
garnis	garnis						
de	de						
lor	lor						
armes	armes						
et	et						
les	les						
envoions	envoions						
priveement	priveement						
en	en						
grese	grese						
.	.						
la	la						
contree	contree						
rouber	rouber						
et	et						
gaster	gaster						
.	.						
je	je						
cuit	cuit						
qe	qe						
se	se						
nos	nos						
le	le						
fesons	fesons						
ensi	ensi						
.	.						
qi	qi						
poiront	poiront						
ce	ce						
fer	fer						
sans	sans						
contredit	contredit						
.	.						
et	et						
puis_aprés	puis_aprés						
.	.						
se	se						
les	les						
gresois	gresois						
ne	ne						
vouxissent	vouxissent						
de	de						
guerre	guerre						
asaillir	asaillir						
.	.						
je	je						
vos	vos						
di	di						
qe	qe						
nos	nos						
avons	avons						
chevaliers	chevaliers						
et	et						
sergant	sergant						
mult	mult						
à	à						
grant	grant						
planté	planté						
.	.						
si	si						
avons	avons						
nos	nos						
mult	mult						
grant	grant						
abandonance	abandonance						
de	de						
tresor	tresor						
.	.						
et	et						
cité	cité						
fort	fort						
et	et						
defensable	defensable						
et	et						
bien	bien						
garnie	garnie						
jusqe	jusqe						
au	au						
jor	jor						
dou	dou						
joïse	joïse						
.	.						
je	je						
cuit	cuit						
qe	qe						
se	se						
nos	nos						
ensi	ensi						
le	le						
fesons	fesons						
.	.						
qe	qe						
nostre	nostre						
grant	grant						
honte	honte						
en	en						
sera	sera						
vengee	vengee						
.	.						
de	de						
quoi	quoi						
vostre	vostre						
hoïr	hoïr						
avront	avront						
mult	mult						
grant	grant						
henor	henor						
et	et						
grant	grant						
gloire	gloire						
.	.						
toutes	toutes						
fois	fois						
vos	vos						
pri	pri						
je	je						
qe	qe						
vos	vos						
m’	m’						
en	en						
diois	diois						
vostre	vostre						
coraje	coraje						
.	.						
.	.						
toutes	toutes						
ses	ses						
fils	fils						
et	et						
tos	tos						
les	les						
barons	barons						
et	et						
tos	tos						
les	les						
chevaliers	chevaliers						
qi	qi						
au	au						
consoil	consoil						
estoient	estoient						
loerent	loerent						
mult	mult						
la	la						
pensee	pensee						
le	le						
roi	roi						
et	et						
son	son						
dit	dit						
.	.						
car	car						
nuls	nuls						
n’	n’						
i	i						
ot	ot						
qi	qi						
contredeïst	contredeïst						
.	.						
ains	ains						
s’	s’						
escrierent	escrierent						
tos	tos						
à	à						
une	une						
vois	vois						
.	.						
.	.						
ensi	ensi						
soit	soit						
com	com						
vos	vos						
avés	avés						
devisés	devisés						
.	.						
.	.						
coment	coment						
li	li						
roi	roi						
priant	priant						
parla	parla						
à	à						
hector	hector						
et	et						
à	à						
ses	ses						
autres	autres						
filz	filz						
li	li						
roi	roi						
hot	hot						
mult	mult						
bone	bone						
volonté	volonté						
et	et						
grant	grant						
joie	joie						
de	de						
ce_q’	ce_q’						
il	il						
voit	voit						
ses	ses						
hommes	hommes						
si	si						
volontos	volontos						
de	de						
vengiance	vengiance						
prendre	prendre						
de	de						
ses	ses						
henemis	henemis						
et	et						
de	de						
fere	fere						
son	son						
gré	gré						
.	.						
adonc	adonc						
parla	parla						
il	il						
à	à						
hector	hector						
.	.						
si	si						
li	li						
dist	dist						
en	en						
tel	tel						
mainiere	mainiere						
.	.						
.	.						
biau	biau						
fiz	fiz						
.	.						
vos	vos						
serés	serés						
chevetaine	chevetaine						
et	et						
condusierés	condusierés						
de	de						
ceste	ceste						
gent	gent						
.	.						
et	et						
il	il						
seront	seront						
tos	tos						
à	à						
vos	vos						
apendant	apendant						
.	.						
si	si						
seront	seront						
ausi	ausi						
vostre	vostre						
freres	freres						
.	.						
car	car						
il	il						
feiront	feiront						
tos	tos						
vostre	vostre						
commandement	commandement						
.	.						
por_ce_qe	por_ce_qe						
je	je						
croi	croi						
qe	qe						
vos	vos						
le	le						
savrés	savrés						
bien	bien						
guier	guier						
et	et						
gobverner	gobverner						
.	.						
.	.						
puis	puis						
parla	parla						
li	li						
roi	roi						
à	à						
ses	ses						
fils	fils						
et	et						
li	li						
dist	dist						
.	.						
.	.						
je	je						
connois	connois						
et	et						
voi	voi						
selonc	selonc						
mon	mon						
esient	esient						
qe	qe						
mult	mult						
ai	ai						
fet	fet						
en	en						
vos	vos						
mult	mult						
bone	bone						
noriture	noriture						
.	.						
car	car						
biauz	biauz						
vos	vos						
voi	voi						
et	et						
preuz	preuz						
et	et						
hardis	hardis						
et	et						
sajes	sajes						
et	et						
cortois	cortois						
.	.						
por_ce	por_ce						
dorrai	dorrai						
à	à						
ciascune	ciascune						
bone	bone						
conpaignie	conpaignie						
et	et						
grant	grant						
.	.						
si	si						
pense	pense						
chascun	chascun						
de	de						
guier	guier						
-la	-la						
en	en						
tel	tel						
mainiere	mainiere						
q’	q’						
il	il						
nen	nen						
aient	aient						
cheison	cheison						
ne	ne						
raison	raison						
de	de						
vos	vos						
blasmer	blasmer						
.	.						
ne	ne						
qe	qe						
il	il						
nen	nen						
aillent	aillent						
cherser	cherser						
autres	autres						
seignor	seignor						
.	.						
.	.						
ses	ses						
fils	fils						
li	li						
respondirent	respondirent						
qu’	qu’						
il	il						
feront	feront						
son	son						
plaisir	plaisir						
et	et						
son	son						
commandement	commandement						
.	.						
puis_qu’	puis_qu’						
il	il						
li	li						
orent	orent						
ensi	ensi						
respondus	respondus						
.	.						
li	li						
roi	roi						
lor	lor						
dist	dist						
.	.						
.	.						
je	je						
vos	vos						
di	di						
ensi	ensi						
.	.						
qe	qe						
vos	vos						
soiés	soiés						
vaillant	vaillant						
et	et						
preus	preus						
as	as						
armes	armes						
porter	porter						
car	car						
.	.						
qi	qi						
le	le						
fera	fera						
ensi	ensi						
.	.						
celui	celui						
sera	sera						
mon	mon						
fis	fis						
.	.						
à	à						
celui	celui						
sera	sera						
abandonés	abandonés						
tot	tot						
qanqe	qanqe						
je	je						
avrai	avrai						
.	.						
à	à						
fer	fer						
son	son						
plaisir	plaisir						
.	.						
hector	hector						
sera	sera						
vostre	vostre						
chevetaine	chevetaine						
et	et						
à	à						
lui	lui						
serés	serés						
apendant	apendant						
.	.						
et	et						
je	je						
pri	pri						
tos	tos						
les	les						
diex	diex						
q’	q’						
il	il						
vos	vos						
gardent	gardent						
et	et						
q’	q’						
il	il						
vos	vos						
doinent	doinent						
victoire	victoire						
sor	sor						
vostre	vostre						
henemis	henemis						
.	.						
.	.						
coment	coment						
hector	hector						
respondi	respondi						
au	au						
roi	roi						
son	son						
pere	pere						
hector	hector						
respondi	respondi						
au	au						
roi	roi						
son	son						
pere	pere						
mult	mult						
sajement	sajement						
en	en						
tel	tel						
mainiere	mainiere						
.	.						
.	.						
sire	sire						
.	.						
je	je						
sui	sui						
aparoillés	aparoillés						
de	de						
faire	faire						
vostre	vostre						
plaisir	plaisir						
et	et						
tot	tot						
vostre	vostre						
commandement	commandement						
por	por						
qoi	qoi						
je	je						
puisse	puisse						
vostre	vostre						
bons	bons						
conplir	conplir						
.	.						
et	et						
je	je						
pri	pri						
tot	tot						
les	les						
diex	diex						
q’	q’						
il	il						
vos	vos						
en	en						
doinent	doinent						
à	à						
bon	bon						
chief	chief						
venir	venir						
.	.						
en	en						
tel	tel						
mainiere	mainiere						
qe	qe						
nostre	nostre						
vengiance	vengiance						
soit	soit						
prise	prise						
à	à						
nostre	nostre						
henor	henor						
ni	ni						
qe	qe						
l’	l’						
oïr	oïr						
de	de						
nostre	nostre						
henemis	henemis						
ne	ne						
saillent	saillent						
de	de						
nos	nos						
gabant	gabant						
.	.						
car	car						
bien	bien						
s’	s’						
en	en						
porront	porront						
gaber	gaber						
se	se						
l’	l’						
afer	afer						
remanoit	remanoit						
ensi	ensi						
sans	sans						
vengier	vengier						
la	la						
grant	grant						
onte	onte						
q’	q’						
il	il						
nos	nos						
hont	hont						
fet	fet						
.	.						
je	je						
endroit	endroit						
vos	vos						
di	di						
qe	qe						
mult	mult						
ai	ai						
grant	grant						
volonté	volonté						
d’	d’						
esaier	esaier						
moi	moi						
contr’	contr’						
els	els						
en	en						
bataille	bataille						
.	.						
mes	mes						
nos	nos						
devons	devons						
tos	tos						
avant	avant						
penser	penser						
coment	coment						
se	se						
soit	soit						
fet	fet						
si	si						
sajement	sajement						
et	et						
si	si						
hordeneement	hordeneement						
qe	qe						
nos	nos						
i	i						
avons	avons						
henor	henor						
.	.						
por_ce_qe	por_ce_qe						
l_en	l_en						
doit	doit						
tel	tel						
chouse	chouse						
comensier	comensier						
de	de						
qoi	qoi						
il	il						
puisse	puisse						
à	à						
bon	bon						
chief	chief						
venir	venir						
car	car						
.	.						
se	se						
nos	nos						
le	le						
commensons	commensons						
en	en						
tel	tel						
mainiere	mainiere						
.	.						
nos	nos						
serons	serons						
honis	honis						
à	à						
tot	tot						
jors	jors						
més	més						
por_ce_qe	por_ce_qe						
follie	follie						
seroit	seroit						
de	de						
tel	tel						
chouse	chouse						
comensier	comensier						
qe	qe						
nos	nos						
ne	ne						
poisons	poisons						
à	à						
bon	bon						
chief	chief						
trere	trere						
.	.						
nos	nos						
savons	savons						
qe	qe						
les	les						
gresois	gresois						
sont	sont						
mult	mult						
vaillant	vaillant						
gent	gent						
et	et						
mult	mult						
puissant	puissant						
et	et						
mult	mult						
fort	fort						
.	.						
et	et						
avec	avec						
se	se						
ont	ont						
il	il						
mult	mult						
grant	grant						
seignorie	seignorie						
car	car						
il	il						
ont	ont						
toute	toute						
europe	europe						
en	en						
lor	lor						
subesion	subesion						
.	.						
qi	qi						
est	est						
de	de						
tot	tot						
le	le						
monde	monde						
la	la						
tierse	tierse						
partie	partie						
.	.						
là_où	là_où						
il	il						
a	a						
toute	toute						
la	la						
meillor	meillor						
chevalerie	chevalerie						
dou	dou						
monde	monde						
et	et						
la	la						
miels	miels						
guerroiant	guerroiant						
.	.						
car	car						
il	il						
ne	ne						
font	font						
tot	tot						
jors	jors						
autre	autre						
qe	qe						
gerroier	gerroier						
et	et						
en	en						
se	se						
se	se						
delitent	delitent						
ni	ni						
autre	autre						
labor	labor						
ne	ne						
font	font						
.	.						
cels	cels						
poiront	poiront						
il	il						
en	en						
ost	ost						
mener	mener						
à	à						
lor	lor						
volonté	volonté						
.	.						
si	si						
ont	ont						
encore	encore						
cels	cels						
d’	d’						
age	age						
.	.						
qe	qe						
tot	tot						
jors	jors						
vuelent	vuelent						
estre	estre						
à	à						
chevals	chevals						
et	et						
guerroier	guerroier						
.	.						
car	car						
il	il						
nen	nen						
ont	ont						
cure	cure						
d’	d’						
ais	ais						
ni	ni						
de	de						
delit	delit						
ni	ni						
de	de						
repos	repos						
.	.						
et	et						
por_ce	por_ce						
pensés	pensés						
et	et						
esgardés	esgardés						
qe	qe						
vos	vos						
volés	volés						
faire	faire						
.	.						
si	si						
sachés	sachés						
qe	qe						
.	.						
ce_qe	ce_qe						
vos	vos						
di	di						
.	.						
ne	ne						
di	di						
je	je						
ja	ja						
por	por						
coardie	coardie						
ne	ne						
por_ce_qe	por_ce_qe						
je	je						
voille	voille						
qe	qe						
l’	l’						
afer	afer						
remaigne	remaigne						
ensi	ensi						
.	.						
si	si						
vos	vos						
di	di						
aprés	aprés						
qe	qe						
nos	nos						
nen	nen						
avons	avons						
navie	navie						
por	por						
els	els						
guerroier	guerroier						
ni	ni						
les	les						
aparoil	aparoil						
qi	qi						
à	à						
ce	ce						
convient	convient						
.	.						
et	et						
por_ce	por_ce						
.	.						
biau	biau						
pere	pere						
.	.						
en	en						
fet	fet						
il	il						
bon	bon						
consoillier	consoillier						
por_ce_qe	por_ce_qe						
l_en	l_en						
puisse	puisse						
l’	l’						
ovre	ovre						
mener	mener						
à	à						
bone	bone						
fin	fin						
à	à						
honors	honors						
de	de						
nos	nos						
et	et						
nostre	nostre						
hoïr	hoïr						
.	.						
car	car						
ensi	ensi						
le	le						
desi	desi						
je	je						
sor	sor						
tos	tos						
homes	homes						
vivant	vivant						
.	.						
.	.						
coment	coment						
parla	parla						
et	et						
narra	narra						
paris	paris						
d’	d’						
aler	aler						
en	en						
gres	gres						
guerroier	guerroier						
.	.						
à	à						
celui	celui						
parlement	parlement						
hot	hot						
maintes	maintes						
guises	guises						
.	.						
mes	mes						
je	je						
ne	ne						
vos	vos						
vuoil	vuoil						
tos	tos						
retrere	retrere						
ni	ni						
dire	dire						
por_ce_qe	por_ce_qe						
trop	trop						
seroit	seroit						
longue	longue						
nostre	nostre						
matire	matire						
.	.						
mes	mes						
je	je						
vos	vos						
dirai	dirai						
coment	coment						
paris	paris						
parla	parla						
adonc	adonc						
.	.						
.	.						
biau	biau						
sire	sire						
.	.						
fist	fist						
il	il						
.	.						
entendés	entendés						
à	à						
moi	moi						
.	.						
je	je						
ne	ne						
vos	vos						
vuoil	vuoil						
trop	trop						
paroules	paroules						
dir	dir						
ne	ne						
trop	trop						
de	de						
chouse	chouse						
retrere	retrere						
.	.						
mes	mes						
je	je						
vos	vos						
di	di						
qe	qe						
tos	tos						
les	les						
autres	autres						
dis	dis						
ne	ne						
pris	pris						
je	je						
noiant	noiant						
for	for						
ce_qe	ce_qe						
je	je						
dirai	dirai						
.	.						
sachés	sachés						
.	.						
biau	biau						
sire	sire						
.	.						
qe	qe						
nos	nos						
avons	avons						
mult	mult						
bon	bon						
chevaliers	chevaliers						
et	et						
vaillans	vaillans						
.	.						
et	et						
autre	autre						
bone	bone						
gens	gens						
asés	asés						
.	.						
aprés	aprés						
avons	avons						
la	la						
plus	plus						
forte	forte						
cité	cité						
qi	qi						
soit	soit						
en	en						
cestui	cestui						
ciecle	ciecle						
.	.						
car	car						
elle	elle						
ne	ne						
crient	crient						
rienz	rienz						
vivant	vivant						
por_ce_q’	por_ce_q’						
elle	elle						
est	est						
plantivose	plantivose						
de	de						
tot	tot						
biens	biens						
dou	dou						
monde	monde						
et	et						
bien	bien						
garnie	garnie						
.	.						
si	si						
vos	vos						
di	di						
qe	qe						
je	je						
sai	sai						
qe	qe						
.	.						
se	se						
nos	nos						
asaudrons	asaudrons						
nos	nos						
henemis	henemis						
.	.						
qe	qe						
nos	nos						
avrons	avrons						
victoire	victoire						
sor	sor						
els	els						
.	.						
et	et						
por_ce	por_ce						
soit	soit						
la	la						
navie	navie						
aparoilliee	aparoilliee						
delivrement	delivrement						
por	por						
envoier	envoier						
en	en						
grese	grese						
.	.						
car	car						
je	je						
vos	vos						
di	di						
qe	qe						
victoire	victoire						
avrons	avrons						
.	.						
et	et						
savés	savés						
vos	vos						
coment	coment						
je	je						
le	le						
sai	sai						
.	.						
je	je						
les	les						
vos	vos						
dirai	dirai						
tot_maintenant	tot_maintenant						
.	.						
je	je						
estoie	estoie						
.	.						
fist	fist						
paris	paris						
.	.						
le	le						
premier	premier						
jor	jor						
de	de						
mai	mai						
.	.						
alés	alés						
chasier	chasier						
en	en						
la	la						
inde	inde						
maior	maior						
.	.						
si	si						
chasoie	chasoie						
adonc	adonc						
un	un						
cerf	cerf						
.	.						
tot	tot						
jor	jor						
les	les						
chaserent	chaserent						
mes	mes						
chiens	chiens						
mes	mes						
prendre	prendre						
ne	ne						
le	le						
porent	porent						
.	.						
le	le						
chaut	chaut						
estoit	estoit						
adonc	adonc						
mult	mult						
car	car						
la	la						
bise	bise						
ne	ne						
ventoit	ventoit						
point	point						
.	.						
lor	lor						
trovai	trovai						
mes	mes						
chaseors	chaseors						
et	et						
mes	mes						
chens	chens						
en	en						
la	la						
vaille	vaille						
titareens	titareens						
.	.						
delés	delés						
la	la						
fontaine	fontaine						
oriens	oriens						
boivre	boivre						
.	.						
si	si						
vos	vos						
di	di						
qe	qe						
je	je						
vos	vos						
m’	m’						
endormi	endormi						
adonc	adonc						
de_sous	de_sous						
un	un						
arbre	arbre						
.	.						
car	car						
avant	avant						
ne	ne						
poi	poi						
aler	aler						
.	.						
quant	quant						
je	je						
fui	fui						
endormi	endormi						
.	.						
si	si						
me	me						
vint	vint						
adonc	adonc						
en	en						
avision	avision						
le	le						
diex	diex						
mercur	mercur						
.	.						
qi	qi						
troiz	troiz						
deese	deese						
mena	mena						
ho	ho						
lui	lui						
.	.						
l’	l’						
une	une						
estoit	estoit						
venus	venus						
et	et						
l’	l’						
autre	autre						
estoit	estoit						
juno	juno						
.	.						
la	la						
tierce	tierce						
estoit	estoit						
menerve	menerve						
.	.						
si	si						
m’	m’						
apella	apella						
trois	trois						
fois	fois						
.	.						
puis	puis						
me	me						
dist	dist						
.	.						
.	.						
paris	paris						
.	.						
à	à						
moi	moi						
entent	entent						
.	.						
ces	ces						
trois	trois						
deesse	deesse						
.	.						
qi	qi						
ensi	ensi						
sont	sont						
.	.						
sont	sont						
venue	venue						
à	à						
toi	toi						
por	por						
un	un						
jugement	jugement						
faire	faire						
tel_com	tel_com						
je	je						
te	te						
dirai	dirai						
.	.						
à	à						
ses	ses						
trois	trois						
deese	deese						
fu	fu						
jadis	jadis						
une	une						
palle	palle						
d’	d’						
or	or						
donee	donee						
.	.						
en	en						
la_qel	la_qel						
estoient	estoient						
escrit	escrit						
lettres	lettres						
en	en						
lengue	lengue						
gresois	gresois						
qi	qi						
desoient	desoient						
en	en						
tel	tel						
mainiere	mainiere						
.	.						
qi	qi						
plus	plus						
belle	belle						
est	est						
de	de						
vos	vos						
trois	trois						
.	.						
si	si						
preigne	preigne						
la	la						
pome	pome						
et	et						
soit	soit						
soë	soë						
qitement	qitement						
.	.						
de	de						
ce	ce						
sont	sont						
elles	elles						
en	en						
contés	contés						
car	car						
ciascune	ciascune						
cuide	cuide						
plus	plus						
belle	belle						
estre	estre						
.	.						
et	et						
ciascune	ciascune						
cuide	cuide						
plus	plus						
belle	belle						
estre	estre						
.	.						
et	et						
ciascune	ciascune						
la	la						
covoite	covoite						
d’	d’						
avoir	avoir						
.	.						
je	je						
lor	lor						
consoillai	consoillai						
et	et						
loai	loai						
q’	q’						
elle	elle						
venissent	venissent						
toi	toi						
demander	demander						
et	et						
ce_qe	ce_qe						
tu	tu						
lor	lor						
en	en						
dirai	dirai						
soit	soit						
.	.						
car	car						
.	.						
celle	celle						
qe	qe						
tu	tu						
jugerais	jugerais						
la	la						
plus	plus						
belle	belle						
.	.						
soit	soit						
la	la						
pome	pome						
qitement	qitement						
soit	soit						
.	.						
la	la						
deesse	deesse						
hont	hont						
mon	mon						
consoill	consoill						
hotroié	hotroié						
.	.						
.	.						
je	je						
vos	vos						
di	di						
.	.						
fet	fet						
paris	paris						
.	.						
qe	qe						
.	.						
quant	quant						
le	le						
diex	diex						
mercur	mercur						
hot	hot						
ensi	ensi						
parlés	parlés						
à	à						
moi	moi						
.	.						
les	les						
deesse	deesse						
consoillierent	consoillierent						
à	à						
moi	moi						
ciascune	ciascune						
por	por						
soi	soi						
ase	ase						
groi	groi						
.	.						
si	si						
m’	m’						
ofri	ofri						
ciascune	ciascune						
par	par						
soi	soi						
qanqe	qanqe						
je	je						
voloie	voloie						
avoir	avoir						
se	se						
je	je						
la	la						
pome	pome						
li	li						
donoie	donoie						
.	.						
mes	mes						
venus	venus						
m’	m’						
ofri	ofri						
.	.						
se	se						
je	je						
la	la						
li	li						
donast	donast						
.	.						
qe	qe						
je	je						
aroie	aroie						
feme	feme						
de	de						
grese	grese						
.	.						
tot	tot						
la	la						
plus	plus						
prosié	prosié						
et	et						
la	la						
meillor	meillor						
et	et						
la	la						
plus	plus						
belle	belle						
qe	qe						
i	i						
soit	soit						
.	.						
et	et						
je	je						
.	.						
por	por						
ceste	ceste						
convenant	convenant						
.	.						
li	li						
otroiai	otroiai						
la	la						
pome	pome						
et	et						
la	la						
loai	loai						
à	à						
la	la						
plus	plus						
belle	belle						
de	de						
trois	trois						
.	.						
si	si						
vos	vos						
di	di						
qe	qe						
tot_ce	tot_ce						
fis	fis						
je	je						
por	por						
la	la						
promis	promis						
avoir	avoir						
.	.						
si	si						
devés	devés						
croire	croire						
.	.						
biau	biau						
pere	pere						
.	.						
qe	qe						
la	la						
deesse	deesse						
ne	ne						
mentiroit	mentiroit						
ja	ja						
de	de						
promise	promise						
q’	q’						
elle	elle						
feïst	feïst						
.	.						
et	et						
por_ce	por_ce						
.	.						
c’	c’						
il	il						
vos	vos						
plest	plest						
.	.						
je	je						
irai	irai						
en	en						
grese	grese						
ho	ho						
ma	ma						
gent	gent						
.	.						
si	si						
deroberai	deroberai						
la	la						
contree	contree						
et	et						
degasterai	degasterai						
.	.						
et	et						
le	le						
païs	païs						
environ	environ						
ausi	ausi						
.	.						
en	en						
tel	tel						
mainiere	mainiere						
q’	q’						
il	il						
sera	sera						
grant	grant						
henor	henor						
à	à						
vos	vos						
et	et						
à	à						
tos	tos						
nos	nos						
homes	homes						
.	.						
.	.						
coment	coment						
deiphebus	deiphebus						
ala	ala						
parler	parler						
devant	devant						
son	son						
pere	pere						
aprés_ce_qe	aprés_ce_qe						
paris	paris						
hot	hot						
parlés	parlés						
en	en						
tel	tel						
mainiere	mainiere						
com	com						
je	je						
vos	vos						
ai	ai						
dit	dit						
.	.						
si	si						
parla	parla						
deifebus	deifebus						
et	et						
dist	dist						
en	en						
tel	tel						
mainiere	mainiere						
.	.						
qe	qe						
bon	bon						
li	li						
senbloit	senbloit						
ce_qe	ce_qe						
paris	paris						
avoit	avoit						
dit	dit						
.	.						
et	et						
por_ce	por_ce						
disoit	disoit						
il	il						
ensi	ensi						
que	que						
la	la						
navie	navie						
fust	fust						
aprestee	aprestee						
et	et						
aparoillee	aparoillee						
astivement	astivement						
.	.						
.	.						
si	si						
lou	lou						
en	en						
droit	droit						
consoill	consoill						
qe	qe						
paris	paris						
i	i						
aille	aille						
car	car						
bien	bien						
cuit	cuit						
.	.						
c’	c’						
il	il						
i	i						
vait	vait						
.	.						
q’	q’						
il	il						
i	i						
conqerra	conqerra						
henor	henor						
et	et						
pris	pris						
.	.						
et	et						
quant	quant						
il	il						
sera	sera						
repairiés	repairiés						
.	.						
je	je						
cuit	cuit						
qe	qe						
les	les						
gresois	gresois						
hoïront	hoïront						
plus	plus						
volontiers	volontiers						
parler	parler						
de	de						
pes	pes						
et	et						
d’	d’						
acordance	acordance						
fere	fere						
à	à						
nos	nos						
et	et						
à	à						
nostre	nostre						
genz	genz						
ausi	ausi						
.	.						
.	.						
coment	coment						
parla	parla						
helenus	helenus						
puis	puis						
parla	parla						
helenus	helenus						
en	en						
tel	tel						
mainiere	mainiere						
.	.						
il	il						
fu	fu						
tos	tos						
en	en						
estant	estant						
.	.						
.	.						
biau	biau						
pere	pere						
.	.						
fist	fist						
.	.						
entendés	entendés						
à	à						
moi	moi						
car	car						
bon	bon						
consoil	consoil						
vos	vos						
dorai	dorai						
et	et						
loial	loial						
et	et						
droiturier	droiturier						
.	.						
car	car						
je	je						
sai	sai						
de	de						
deviner	deviner						
et	et						
professie	professie						
plus_qe	plus_qe						
home	home						
vivant	vivant						
.	.						
ce	ce						
est	est						
chouse	chouse						
provee	provee						
car	car						
je	je						
ne	ne						
dis	dis						
jamés	jamés						
chouse	chouse						
ne	ne						
ne	ne						
fis	fis						
à	à						
croire	croire						
qi	qi						
ne	ne						
soit	soit						
verage	verage						
estee	estee						
.	.						
et	et						
por_ce	por_ce						
.	.						
biau	biau						
pere	pere						
.	.						
je	je						
vos	vos						
di	di						
qe	qe						
.	.						
se	se						
paris	paris						
vait	vait						
en	en						
grese	grese						
et	et						
il	il						
en	en						
amoine	amoine						
feme	feme						
.	.						
vos	vos						
est	est						
mors	mors						
et	et						
toute	toute						
vostre	vostre						
gent	gent						
ausi	ausi						
.	.						
et	et						
vostre	vostre						
cité	cité						
en	en						
sera	sera						
arse	arse						
et	et						
confondue	confondue						
.	.						
et	et						
c’	c’						
il	il						
nen	nen						
est	est						
ensi_com	ensi_com						
je	je						
vos	vos						
di	di						
.	.						
je	je						
vuoil	vuoil						
qe	qe						
l_en	l_en						
me	me						
face	face						
ardoir	ardoir						
en	en						
feu	feu						
.	.						
et	et						
por_ce	por_ce						
.	.						
biau	biau						
sire	sire						
.	.						
je	je						
vos	vos						
lou	lou						
et	et						
consoil	consoil						
qe	qe						
paris	paris						
nen	nen						
aille	aille						
en	en						
grese	grese						
por_qe	por_qe						
.	.						
c’	c’						
il	il						
vait	vait						
.	.						
mors	mors						
soumes	soumes						
.	.						
se	se						
ne	ne						
ne	ne						
puet	puet						
faillir	faillir						
.	.						
si	si						
vos	vos						
di	di						
.	.						
biau	biau						
pere	pere						
.	.						
qe	qe						
l_en	l_en						
doit	doit						
tot	tot						
jor	jor						
laisier	laisier						
si	si						
dont	dont						
grant	grant						
mau	mau						
et	et						
grant	grant						
destrution	destrution						
li	li						
en	en						
puet	puet						
avenir	avenir						
.	.						
.	.						
coment	coment						
parla	parla						
troiellus	troiellus						
quant	quant						
helenus	helenus						
hot	hot						
ensi	ensi						
parlés	parlés						
com	com						
je	je						
vos	vos						
ai	ai						
dit	dit						
.	.						
il	il						
s’	s’						
asist	asist						
maintenant	maintenant						
.	.						
tos	tos						
cels	cels						
qi	qi						
au	au						
parlement	parlement						
estoient	estoient						
taisant	taisant						
et	et						
qoi	qoi						
car	car						
nuls	nuls						
ne	ne						
disoit	disoit						
mot	mot						
.	.						
quant	quant						
troielus	troielus						
sailli	sailli						
en	en						
piez	piez						
.	.						
qi	qi						
estoit	estoit						
le	le						
menor	menor						
fiz	fiz						
à	à						
roi	roi						
priant	priant						
mes	mes						
.	.						
selonc_qe	selonc_qe						
nos	nos						
trovons	trovons						
.	.						
il	il						
estoit	estoit						
preu	preu						
et	et						
hardis	hardis						
et	et						
fort	fort						
poi	poi						
moins	moins						
de	de						
hector	hector						
son	son						
frere	frere						
.	.						
si	si						
parla	parla						
en	en						
tel	tel						
mainiere	mainiere						
.	.						
.	.						
mult	mult						
me	me						
mervoil	mervoil						
de	de						
tant_de	tant_de						
vaillant	vaillant						
chevaliers	chevaliers						
com	com						
je	je						
voi	voi						
si	si						
qe	qe						
si	si						
s’	s’						
esmaient	esmaient						
por	por						
les	les						
paroules	paroules						
d’	d’						
un	un						
prevoire	prevoire						
qi	qi						
nos	nos						
vuelt	vuelt						
fere	fere						
croire	croire						
ses	ses						
bunes	bunes						
et	et						
ses	ses						
mensonges	mensonges						
.	.						
se	se						
est	est						
q’	q’						
il	il						
sache	sache						
deviner	deviner						
les	les						
chouses	chouses						
qi	qi						
doivent	doivent						
avenir	avenir						
.	.						
mult	mult						
est	est						
fol	fol						
voirement	voirement						
qi	qi						
le	le						
croit	croit						
car	car						
je	je						
sai	sai						
qe	qe						
coardie	coardie						
li	li						
fait	fait						
ce	ce						
dire	dire						
por_ce_qe	por_ce_qe						
prevoire	prevoire						
hont	hont						
tot	tot						
jor	jor						
grant	grant						
regart	regart						
de	de						
poi_de	poi_de						
chouse	chouse						
.	.						
je	je						
sui	sui						
celui	celui						
qi	qi						
dit	dit						
q’	q’						
il	il						
ne	ne						
fait	fait						
à	à						
croire	croire						
et	et						
qe	qe						
male	male						
hont	hont						
ait	ait						
qe	qe						
croira	croira						
.	.						
il	il						
doit	doit						
tot	tot						
jor	jor						
penser	penser						
de	de						
soi	soi						
tenir	tenir						
à	à						
aise	aise						
et	et						
nos	nos						
laisier	laisier						
de	de						
cestui	cestui						
fet	fet						
penser	penser						
.	.						
si	si						
aille	aille						
por	por						
ces	ces						
tenples	tenples						
horer	horer						
et	et						
ne	ne						
se	se						
travaille	travaille						
avec	avec						
chevaliers	chevaliers						
car	car						
il	il						
nen	nen						
a	a						
riens	riens						
à	à						
fer	fer						
ho	ho						
els	els						
por_ce_qe	por_ce_qe						
les	les						
vies	vies						
de	de						
prevoirez	prevoirez						
ne	ne						
s’	s’						
acordent	acordent						
à	à						
les	les						
vies	vies						
de	de						
chevaliers	chevaliers						
.	.						
car	car						
chevaliers	chevaliers						
se	se						
doivent	doivent						
tot	tot						
jors	jors						
travaillier	travaillier						
por	por						
henor	henor						
et	et						
pris	pris						
conqerre	conqerre						
et	et						
savoir	savoir						
.	.						
et	et						
les	les						
prevoir	prevoir						
vuelent	vuelent						
reposer	reposer						
et	et						
estre	estre						
sans	sans						
travail	travail						
.	.						
et	et						
por_ce	por_ce						
.	.						
frans	frans						
chevaliers	chevaliers						
.	.						
pensons	pensons						
de	de						
nostre	nostre						
grant	grant						
honte	honte						
vengier	vengier						
qe	qe						
les	les						
gresois	gresois						
firent	firent						
à	à						
nos	nos						
ansesors	ansesors						
.	.						
et	et						
celui	celui						
qi	qi						
à	à						
ce	ce						
ne	ne						
pensera	pensera						
.	.						
de	de						
diex	diex						
et	et						
de	de						
nos	nos						
soit	soit						
il	il						
partis	partis						
.	.						
.	.						
quant	quant						
troielus	troielus						
ot	ot						
ensi	ensi						
parlés	parlés						
.	.						
le	le						
pueple	pueple						
comensa	comensa						
tos	tos						
à	à						
braire	braire						
et	et						
à	à						
crier	crier						
et	et						
à	à						
dire	dire						
.	.						
.	.						
ensi	ensi						
le	le						
feisons	feisons						
.	.						
ensi	ensi						
le	le						
feisons	feisons						
.	.						
car	car						
bien	bien						
a	a						
dit	dit						
troielus	troielus						
.	.						
.	.						
tos	tos						
loerent	loerent						
que	que						
paris	paris						
alast	alast						
en	en						
grese	grese						
et	et						
qe	qe						
la	la						
navie	navie						
soit	soit						
tot_maintenant	tot_maintenant						
aparoillee	aparoillee						
.	.						
ja	ja						
por_ce_qe	por_ce_qe						
helenus	helenus						
a	a						
dit	dit						
ne	ne						
remaindra	remaindra						
.	.						
verité	verité						
ou	ou						
mensonge	mensonge						
q’	q’						
il	il						
ait	ait						
dit	dit						
.	.						
ensi_com	ensi_com						
vos	vos						
avés	avés						
hoï	hoï						
.	.						
loerent	loerent						
qe	qe						
paris	paris						
alast	alast						
en	en						
grese	grese						
.	.						
et	et						
à	à						
ce	ce						
est	est						
consoill	consoill						
pris	pris						
de	de						
qoi	qoi						
il	il						
furent	furent						
aprés	aprés						
esilliéz	esilliéz						
.	.						
si_com	si_com						
vo	vo						
horois	horois						
.	.						
si	si						
ne	ne						
parlerent	parlerent						
plus	plus						
à	à						
cele	cele						
fois	fois						
.	.						
li	li						
roi	roi						
priant	priant						
manda	manda						
tot_maintenant	tot_maintenant						
deifebus	deifebus						
et	et						
paris	paris						
en	en						
pauoine	pauoine						
por	por						
chevaliers	chevaliers						
qerre	qerre						
.	.						
il	il						
alerent	alerent						
et	et						
qistrent	qistrent						
et	et						
ajoustrerent	ajoustrerent						
tant	tant						
de	de						
chevaliers	chevaliers						
com	com						
il	il						
vostrent	vostrent						
.	.						
aprés	aprés						
repairerent	repairerent						
arieres	arieres						
.	.						
puis_aprés	puis_aprés						
asenbla	asenbla						
li	li						
roi	roi						
priant	priant						
un	un						
parlement	parlement						
mult	mult						
grant	grant						
et	et						
mervoilleus	mervoilleus						
.	.						
car	car						
il	il						
ffist	ffist						
reqerre	reqerre						
tos	tos						
les	les						
aus	aus						
homes	homes						
de	de						
son	son						
enpire	enpire						
et	et						
tos	tos						
les	les						
plus	plus						
sajes	sajes						
et	et						
les	les						
plus	plus						
sajes	sajes						
et	et						
les	les						
plus	plus						
vaillanz	vaillanz						
.	.						
por_ce_q’	por_ce_q’						
il	il						
voloit	voloit						
lor	lor						
volonté	volonté						
et	et						
lor	lor						
cuor	cuor						
savoir	savoir						
.	.						
coment	coment						
li	li						
roi	roi						
priant	priant						
parla	parla						
entre	entre						
ses	ses						
homes	homes						
.	.						
quant	quant						
il	il						
furent	furent						
ensi	ensi						
asenblés	asenblés						
come	come						
li	li						
roi	roi						
les	les						
fist	fist						
reqerre	reqerre						
.	.						
le	le						
roi	roi						
parla	parla						
ensi_com	ensi_com						
vos	vos						
horois	horois						
.	.						
.	.						
seignor	seignor						
.	.						
fist	fist						
il	il						
.	.						
vos	vos						
savés	savés						
bien	bien						
coment	coment						
les	les						
gresois	gresois						
furent	furent						
en	en						
cestui	cestui						
païs	païs						
et	et						
coment	coment						
il	il						
hocistrent	hocistrent						
mon	mon						
pere	pere						
et	et						
ma	ma						
mere	mere						
et	et						
me	me						
suor	suor						
ausi	ausi						
.	.						
aprés	aprés						
hocistrent	hocistrent						
et	et						
detrencherent	detrencherent						
et	et						
pristrent	pristrent						
et	et						
chaserent	chaserent						
tot	tot						
les	les						
homes	homes						
et	et						
le	le						
femes	femes						
et	et						
les	les						
petis	petis						
enfans	enfans						
qi	qi						
adonc	adonc						
estoient	estoient						
en	en						
troie	troie						
.	.						
la	la						
cité	cité						
gasterent	gasterent						
et	et						
mistrent	mistrent						
à	à						
feu	feu						
et	et						
à	à						
ruine	ruine						
.	.						
le	le						
tresor	tresor						
et	et						
l’	l’						
avoir	avoir						
enporterent	enporterent						
tos	tos						
.	.						
si	si						
savés	savés						
qe	qe						
de	de						
tot_ce	tot_ce						
nen	nen						
est	est						
encore	encore						
nulle	nulle						
vengiance	vengiance						
prise	prise						
.	.						
et	et						
je	je						
ne	ne						
laiseroie	laiseroie						
par	par						
nulle	nulle						
acheison	acheison						
qe	qe						
je	je						
ne	ne						
l’	l’						
en	en						
preigne	preigne						
à	à						
mon	mon						
pooir	pooir						
ensi_com	ensi_com						
vos	vos						
me	me						
consoillierés	consoillierés						
.	.						
encore	encore						
savés	savés						
coment	coment						
il	il						
menerent	menerent						
ma	ma						
suor	suor						
ensionan	ensionan						
en	en						
servaje	servaje						
.	.						
qe	qe						
talemon	talemon						
a	a						
tenu	tenu						
et	et						
tient	tient						
.	.						
laquel	laquel						
.	.						
je	je						
vos	vos						
fais	fais						
savoir	savoir						
.	.						
que	que						
je	je						
ai	ai						
demandee	demandee						
et	et						
reqise	reqise						
à	à						
talemon	talemon						
et	et						
à	à						
tos	tos						
les	les						
rois	rois						
de	de						
grese	grese						
q’	q’						
il	il						
la	la						
me	me						
deüssent	deüssent						
rendre	rendre						
por_ce_qe	por_ce_qe						
marier	marier						
la	la						
voloie	voloie						
.	.						
si	si						
vos	vos						
fais	fais						
savoir	savoir						
qe	qe						
por	por						
cestui	cestui						
mesaje	mesaje						
fere	fere						
i	i						
ala	ala						
athenor	athenor						
.	.						
sachés	sachés						
q’	q’						
il	il						
ne	ne						
voustrent	voustrent						
ma	ma						
reqeste	reqeste						
entendre	entendre						
ni	ni						
fere	fere						
ains	ains						
respondirent	respondirent						
athenor	athenor						
q’	q’						
il	il						
nen	nen						
avoient	avoient						
de	de						
ce	ce						
noiant	noiant						
à	à						
fer	fer						
ne	ne						
q’	q’						
il	il						
ne	ne						
prisoient	prisoient						
moi	moi						
ni	ni						
ma	ma						
gent	gent						
une	une						
qoqille	qoqille						
.	.						
et	et						
miels	miels						
voloient	voloient						
la	la						
guerre	guerre						
de	de						
moi	moi						
qe	qe						
la	la						
pes	pes						
.	.						
aprés	aprés						
ceste	ceste						
responsion	responsion						
.	.						
laidengerent	laidengerent						
il	il						
mult	mult						
mon	mon						
mesaje	mesaje						
athenor	athenor						
.	.						
ciascun	ciascun						
par	par						
soi	soi						
.	.						
et	et						
mult	mult						
li	li						
distrent	distrent						
honte	honte						
et	et						
villanie	villanie						
de	de						
qoi	qoi						
nos	nos						
et	et						
nostre	nostre						
hoïrs	hoïrs						
en	en						
seroumes	seroumes						
à	à						
tos	tos						
jors	jors						
més	més						
deshonorés	deshonorés						
si	si						
nen	nen						
est	est						
vengiance	vengiance						
prise	prise						
.	.						
hor	hor						
vos	vos						
vuoil	vuoil						
dire	dire						
qe	qe						
m’	m’						
ont	ont						
consoillés	consoillés						
mes	mes						
fils	fils						
sor	sor						
ceste	ceste						
matire	matire						
.	.						
et	et						
mes	mes						
barons	barons						
.	.						
il	il						
m’	m’						
ont	ont						
consoillés	consoillés						
qe	qe						
je	je						
face	face						
la	la						
navie	navie						
aparoillier	aparoillier						
et	et						
qe	qe						
je	je						
la	la						
garnisse	garnisse						
de	de						
nostre	nostre						
bone	bone						
gens	gens						
por	por						
envoier	envoier						
en	en						
grese	grese						
vengiance	vengiance						
prendre	prendre						
de	de						
la	la						
honte	honte						
q’	q’						
il	il						
nos	nos						
ont	ont						
fete	fete						
.	.						
et	et						
avec	avec						
.	.						
ces	ces						
gens	gens						
m’	m’						
ont	ont						
consoillés	consoillés						
qe	qe						
ge	ge						
envoie	envoie						
mon	mon						
fis	fis						
paris	paris						
.	.						
et	et						
por_ce	por_ce						
.	.						
biaus	biaus						
seignors	seignors						
.	.						
je	je						
ne	ne						
feroie	feroie						
cestui	cestui						
fet	fet						
sans	sans						
le	le						
vostre	vostre						
consoil	consoil						
et	et						
sans	sans						
le	le						
vostre	vostre						
volontés	volontés						
.	.						
por	por						
qoi	qoi						
je	je						
vos	vos						
pri	pri						
.	.						
ausi_com	ausi_com						
mes	mes						
amis	amis						
et	et						
mes	mes						
feels	feels						
.	.						
qe	qe						
vos	vos						
me	me						
donois	donois						
sor	sor						
ce	ce						
veraie	veraie						
consoil	consoil						
et	et						
droiturier	droiturier						
.	.						
car	car						
je	je						
ne	ne						
me	me						
partirai	partirai						
ja	ja						
de	de						
vostre	vostre						
consoil	consoil						
.	.						
.	.						
coment	coment						
pantus	pantus						
.	.						
un	un						
aute	aute						
barons	barons						
le	le						
roi	roi						
.	.						
parla	parla						
pantus	pantus						
.	.						
un	un						
aut	aut						
barons	barons						
le	le						
roi	roi						
priant	priant						
.	.						
parla	parla						
adonc	adonc						
tot	tot						
premierement	premierement						
.	.						
cestui	cestui						
pantus	pantus						
estoit	estoit						
mult	mult						
vaillant	vaillant						
home	home						
et	et						
saje	saje						
mes	mes						
il	il						
estoit	estoit						
mult	mult						
viels	viels						
.	.						
si	si						
estoit	estoit						
mult	mult						
fondés	fondés						
de	de						
clergie	clergie						
.	.						
il	il						
dist	dist						
en	en						
tel	tel						
mainiere	mainiere						
.	.						
.	.						
biau	biau						
sire	sire						
roi	roi						
.	.						
fist	fist						
.	.						
entendés	entendés						
à	à						
moi	moi						
ce_qe	ce_qe						
dire	dire						
vos	vos						
vuoill	vuoill						
.	.						
je	je						
ne	ne						
vos	vos						
doi	doi						
celer	celer						
en	en						
nulle	nulle						
guise	guise						
ce_qe	ce_qe						
cuit	cuit						
et	et						
croi	croi						
qe	qe						
vos	vos						
aïés	aïés						
à	à						
fer	fer						
.	.						
por	por						
quoi	quoi						
vostre	vostre						
henor	henor						
ne	ne						
soit	soit						
enpiree	enpiree						
ne	ne						
vos	vos						
ne	ne						
soiés	soiés						
desirités	desirités						
.	.						
por_ce_qe	por_ce_qe						
.	.						
se	se						
je	je						
le	le						
fesoie	fesoie						
.	.						
je	je						
efraindroie	efraindroie						
mon	mon						
sairement	sairement						
et	et						
ma	ma						
loiauté	loiauté						
.	.						
il	il						
est	est						
verité	verité						
qe	qe						
hoï	hoï						
un	un						
mien	mien						
pere	pere						
qe	qe						
forbiaus	forbiaus						
estoit	estoit						
apellés	apellés						
.	.						
qi	qi						
vesqui	vesqui						
ccclx	ccclx						
anz	anz						
.	.						
celui	celui						
forbius	forbius						
fu	fu						
mult	mult						
saje	saje						
et	et						
mult	mult						
fondés	fondés						
de	de						
clergie	clergie						
car	car						
il	il						
sot	sot						
tout	tout						
le	le						
set	set						
ars	ars						
et	et						
por	por						
son	son						
grant	grant						
sens	sens						
descovri	descovri						
il	il						
toutes	toutes						
les	les						
chouses	chouses						
qi	qi						
devoient	devoient						
avenir	avenir						
.	.						
et	et						
por	por						
le	le						
devin	devin						
enseignement	enseignement						
ausi	ausi						
.	.						
si	si						
vos	vos						
di	di						
qe	qe						
toutes	toutes						
les	les						
chouses	chouses						
q’	q’						
il	il						
dist	dist						
à	à						
son	son						
tens	tens						
toutes	toutes						
sont	sont						
avenues	avenues						
jusque	jusque						
au	au						
jor	jor						
.	.						
si	si						
vos	vos						
fais	fais						
à	à						
savoir	savoir						
qe	qe						
celui	celui						
forbius	forbius						
dist	dist						
.	.						
quant	quant						
il	il						
vivoit	vivoit						
.	.						
qe	qe						
se	se						
paris	paris						
eüst	eüst						
feme	feme						
de	de						
grese	grese						
.	.						
troie	troie						
et	et						
tot	tot						
l’	l’						
enpire	enpire						
en	en						
seroit	seroit						
desiritee	desiritee						
et	et						
destruite	destruite						
.	.						
et	et						
por_ce	por_ce						
.	.						
biau	biau						
sire	sire						
.	.						
qe	qe						
ce	ce						
est	est						
verité	verité						
.	.						
ne	ne						
le	le						
tenés	tenés						
en	en						
despit	despit						
.	.						
car	car						
veraiement	veraiement						
sachés	sachés						
qe	qe						
.	.						
se	se						
paris	paris						
a	a						
feme	feme						
de	de						
grese	grese						
.	.						
l’	l’						
afer	afer						
tos	tos						
ensi_com	ensi_com						
je	je						
vos	vos						
di	di						
.	.						
et	et						
por_ce	por_ce						
.	.						
biau	biau						
.	.						
je	je						
vos	vos						
lou	lou						
qe	qe						
vos	vos						
le	le						
fasois	fasois						
ensi_com	ensi_com						
je	je						
vos	vos						
dirai	dirai						
.	.						
ce	ce						
est	est						
qe	qe						
vos	vos						
ne	ne						
mandois	mandois						
paris	paris						
en	en						
grese	grese						
et	et						
qe	qe						
vos	vos						
gardois	gardois						
et	et						
maintenois	maintenois						
vostre	vostre						
reigne	reigne						
en	en						
pes	pes						
et	et						
en	en						
bon	bon						
estat	estat						
car	car						
.	.						
ce	ce						
vos	vos						
autrement	autrement						
le	le						
fesois	fesois						
.	.						
il	il						
vos	vos						
en	en						
poroit	poroit						
tos	tos						
mesavenir	mesavenir						
.	.						
de	de						
qoi	qoi						
vostre	vostre						
franchise	franchise						
seroit	seroit						
enpiré	enpiré						
malement	malement						
.	.						
et	et						
por_ce	por_ce						
.	.						
biau	biau						
sire	sire						
.	.						
vos	vos						
provees	provees						
car	car						
en	en						
grant	grant						
perils	perils						
volés	volés						
enbatre	enbatre						
.	.						
.	.						
quant	quant						
pantus	pantus						
hot	hot						
sa	sa						
paroule	paroule						
finee	finee						
.	.						
il	il						
s’	s’						
asist	asist						
.	.						
cels_qi	cels_qi						
au	au						
parlement	parlement						
estoient	estoient						
n’	n’						
i	i						
si	si						
acorderent	acorderent						
en	en						
nulle	nulle						
guise	guise						
por_ce_qe	por_ce_qe						
fortune	fortune						
les	les						
desvioit	desvioit						
.	.						
si	si						
distrent	distrent						
au	au						
roi	roi						
qe	qe						
sans	sans						
targier	targier						
il	il						
feïst	feïst						
de	de						
ce	ce						
tot	tot						
son	son						
plaisir	plaisir						
et	et						
sa	sa						
volonté	volonté						
car	car						
il	il						
estoient	estoient						
tos	tos						
aparoillés	aparoillés						
dou	dou						
faire	faire						
qanqe	qanqe						
il	il						
seüsent	seüsent						
commander	commander						
.	.						
li	li						
roi	roi						
les	les						
enmercia	enmercia						
mult	mult						
de	de						
ceste	ceste						
paroles	paroles						
et	et						
de	de						
ceste	ceste						
responce	responce						
.	.						
si	si						
dona	dona						
lor	lor						
conjé	conjé						
.	.						
aprés	aprés						
fist	fist						
li	li						
roi	roi						
sanz	sanz						
targier	targier						
qerre	qerre						
bons	bons						
hovriers	hovriers						
asés	asés						
por	por						
les	les						
nes	nes						
fer	fer						
et	et						
aparoillier	aparoillier						
.	.						
si	si						
vos	vos						
di	di						
qe	qe						
en	en						
poi_de	poi_de						
tenz	tenz						
n’	n’						
orent	orent						
fet	fet						
xxii	xxii						
.	.						
mult	mult						
riches	riches						
et	et						
mult	mult						
bien	bien						
aparoillees	aparoillees						
de	de						
tot_ce_qe	tot_ce_qe						
à	à						
cel	cel						
nes	nes						
convenoit	convenoit						
.	.						
puis	puis						
les	les						
fist	fist						
li	li						
roi	roi						
priant	priant						
mult	mult						
bien	bien						
raenplir	raenplir						
de	de						
vituailles	vituailles						
et	et						
de	de						
viandes	viandes						
.	.						
hector	hector						
ala	ala						
qerre	qerre						
genz	genz						
por	por						
le	le						
païs	païs						
.	.						
de	de						
qoi	qoi						
il	il						
amena	amena						
mult	mult						
grant	grant						
abandonance	abandonance						
par	par						
son	son						
por	por						
chevaliers	chevaliers						
.	.						
les_qels	les_qels						
ne	ne						
retornerent	retornerent						
puis	puis						
tos	tos						
arrieres	arrieres						
.	.						
coment	coment						
casandre	casandre						
.	.						
la	la						
fille	fille						
au	au						
roi	roi						
priant	priant						
.	.						
parla	parla						
devant	devant						
son	son						
pere	pere						
et	et						
devant	devant						
mains	mains						
barons	barons						
.	.						
casandre	casandre						
.	.						
la	la						
fille	fille						
au	au						
roi	roi						
priant	priant						
.	.						
estoit	estoit						
mult	mult						
saje	saje						
ensi_com	ensi_com						
dit	dit						
vos	vos						
ai	ai						
.	.						
et	et						
mult	mult						
savoit	savoit						
de	de						
deviner	deviner						
et	et						
de	de						
sors	sors						
geter	geter						
.	.						
et	et						
prenoit	prenoit						
sovent	sovent						
respons	respons						
de	de						
diex	diex						
.	.						
cele	cele						
casaindre	casaindre						
hot	hot						
veü	veü						
et	et						
coneü	coneü						
por	por						
son	son						
savoir	savoir						
qe	qe						
.	.						
se	se						
paris	paris						
alast	alast						
en	en						
grese	grese						
ho	ho						
sa	sa						
navie	navie						
.	.						
qe	qe						
troie	troie						
en	en						
seroit	seroit						
destruite	destruite						
et	et						
desritee	desritee						
.	.						
et	et						
se	se						
ne	ne						
pooit	pooit						
faillir	faillir						
por	por						
nulle	nulle						
aventure	aventure						
.	.						
si	si						
l’	l’						
avoit	avoit						
moustré	moustré						
et	et						
dit	dit						
à	à						
son	son						
pere	pere						
qe	qe						
.	.						
se	se						
paris	paris						
alast	alast						
ho	ho						
la	la						
navie	navie						
.	.						
mors	mors						
estoient	estoient						
tos	tos						
et	et						
esilliés	esilliés						
.	.						
si	si						
vos	vos						
di	di						
qe	qe						
.	.						
ce	ce						
elle	elle						
fust	fust						
creüe	creüe						
.	.						
troie	troie						
seroit	seroit						
encore	encore						
entiere	entiere						
ensi_com	ensi_com						
elle	elle						
estoit	estoit						
adonc	adonc						
.	.						
ne	ne						
la	la						
gent	gent						
ne	ne						
fust	fust						
pas	pas						
morte	morte						
ne	ne						
isilliee	isilliee						
.	.						
mes	mes						
ce_qe	ce_qe						
vaut	vaut						
fortune	fortune						
estoit	estoit						
lor	lor						
contraire	contraire						
.	.						
qi	qi						
ne	ne						
le	le						
lor	lor						
soufroit	soufroit						
q’	q’						
il	il						
la	la						
creüssent	creüssent						
.	.						
mes	mes						
hore	hore						
laisse	laisse						
li	li						
contes	contes						
à	à						
parler	parler						
de	de						
casandre	casandre						
por	por						
deviser	deviser						
comment	comment						
paris	paris						
et	et						
sa	sa						
conpaignie	conpaignie						
se	se						
mistrent	mistrent						
en	en						
mer	mer						
por	por						
aler	aler						
en	en						
grese	grese						
.	.						
